Issue Type,Issue key,Issue id,Summary,Fix versions,Fix versions,Status,Created,Updated,Priority,Resolution,Affects versions,Affects versions,Security Level,Labels,Labels,Labels,Labels,Labels
Improvement,NAS-133831,115984,L2ARC write improvements,26.0.0-BETA.1,26.0.0-BETA.2,Done,27/Jan/25 1:58 PM,10/Mar/26 2:57 PM,Low,Complete,SCALE-25.04-ALPHA.1 (Fangtooth),,,2604alpha2beta,IX_EMPLOYEE,jirabug,,
Improvement,NAS-133952,116340,"After editing ZFS snapshot task, old snapshots lose retention attribute and timestamp",26.0.0-BETA.1,,Done,02/Feb/25 7:14 PM,16/Jan/26 3:54 AM,Medium,Complete,SCALE-24.10.2 (ElectricEel),,,2604alpha2beta,COMMUNITY_USER,es-2510,july-2510,ready_for_assignment
Improvement,NAS-135490,120571,Application Info Widget Should Display App Version,26.0.0-BETA.1,,Done,22/Apr/25 10:55 AM,26/Mar/26 3:27 PM,Low,Complete,SCALE-25.04.0 (Fangtooth),,,es-2510,IX_EMPLOYEE,july-2510,ready_for_assignment,
Bug,NAS-135633,120981,Reporting -> CPU stacks total plus individual CPU,26.0.0-BETA.1,,Done,30/Apr/25 10:29 AM,13/Feb/26 10:11 AM,Low,Complete,SCALE-25.04.0 (Fangtooth),,,es-2510,IX_EMPLOYEE,july-2510,ready_for_assignment,
Bug,NAS-135677,121091,dashboard app widget Web UI address,26.0.0-BETA.1,,Done,02/May/25 4:58 PM,15/Jan/26 5:35 AM,Low,Complete,SCALE-25.04.0 (Fangtooth),,,COMMUNITY_USER,es-2510,july-2510,ready_for_review,
Improvement,NAS-135779,121326,iscsi wizard doesn't allow creating extents based on snapshots (missing read only),26.0.0-BETA.1,,Done,08/May/25 8:35 AM,13/Jan/26 6:29 PM,Low,Complete,SCALE-25.04.0 (Fangtooth),,,es-2510,IX_EMPLOYEE,july-2510,,
Defect,NAS-136251,122786,Zvol form: fix compression options and investigate size discrepancies,26.0.0-BETA.1,,Done,09/Jun/25 9:59 AM,15/Jan/26 5:35 AM,Medium,Complete,,,,es-2510,july-2510,,,
Bug,NAS-136434,123320,Dashboard -> Apps Widget -> Application type Block I/O chart wrong,26.0.0-BETA.1,SCALE-25.10-BETA.1 (Goldeye),Done,23/Jun/25 4:34 PM,29/Jul/25 4:17 AM,Low,Complete,SCALE-25.04.1 (Fangtooth),,,es-2510,IX_EMPLOYEE,july-2510,ready_for_review,
Improvement,NAS-136707,124041,fix test_pool_dataset_unlock_smb[False],26.0.0-BETA.2,27.0.0-BETA.1,,,Done,15/Jul/25 9:32 AM,09/Apr/26 5:27 AM,Low,Complete,SCALE-25.10-BETA.1 (Goldeye),,2604alpha2beta,IX_EMPLOYEE,,
Improvement,NAS-136913,124451,Clean upgrade strategy code from apps validation,26.0.0-BETA.1,SCALE-25.10-BETA.1 (Goldeye),Done,30/Jul/25 4:20 PM,19/Aug/25 4:50 PM,Low,Complete,,,,IX_EMPLOYEE,,,,
Improvement,NAS-136914,124453,Remove k8s migration validation logic from apps validation,26.0.0-BETA.1,SCALE-25.10-BETA.1 (Goldeye),Done,30/Jul/25 4:21 PM,19/Aug/25 4:50 PM,Undefined,Complete,,,,IX_EMPLOYEE,,,,
Bug,NAS-136917,124457,Investigate/fix CI bug in apps which does not let correct last update to show up,26.0.0-BETA.1,,Done,30/Jul/25 6:18 PM,19/Aug/25 4:48 PM,Medium,Complete,,,,IX_EMPLOYEE,,,,
Improvement,NAS-137013,124655,Add tests for method usage stats,26.0.0-BETA.1,,Done,05/Aug/25 6:01 AM,18/Feb/26 10:32 AM,Low,Complete,,,,IX_EMPLOYEE,,,,
Improvement,NAS-137252,125123,Allow MPIO for Fibre Channel,26.0.0-BETA.1,,Done,21/Aug/25 10:47 AM,02/Mar/26 3:47 PM,High,Complete,SCALE-25.04.3 (Fangtooth),,,2604alpha2beta,doc_impact,IX_EMPLOYEE,mt_reviewed,tests_impact
New Feature,NAS-137282,125182,Web UI prevents removal of NVIDIA drivers once GPU is uninstalled,26.0.0-BETA.1,,Done,24/Aug/25 1:23 AM,02/Mar/26 6:27 AM,Medium,Complete,SCALE-25.04.2.1 (Fangtooth),,,COMMUNITY_USER,,,,
New Feature,NAS-137495,125748,bring in zfs 2.4 for HM,26.0.0-BETA.1,SCALE-26.04-ALPHA.1 (Halfmoon),Done,10/Sep/25 8:51 AM,14/Oct/25 2:22 PM,High,Complete,,,,IX_EMPLOYEE,,,,
Epic,NAS-137642,126052,Context Aware Alerts,26.0.0-BETA.1,,Done,22/Sep/25 10:01 AM,06/Feb/26 4:50 AM,Medium,Complete,,,,2604alpha2beta,IX_EMPLOYEE,,,
Bug,NAS-137681,126144,Debian package generation creating unsatisfiable deps due to pip resolver version mismatch,26.0.0-BETA.1,27.0.0-BETA.1,Done,24/Sep/25 1:45 AM,01/Feb/26 7:36 AM,Medium,Complete,,,,IX_EMPLOYEE,ready_for_assignment,,,
Bug,NAS-137715,126186,Samba spotlight AF_UNIX connection should be performed as root,26.0.0-BETA.1,,Done,24/Sep/25 2:37 PM,02/Mar/26 12:09 PM,Blocker,Complete,,,,2604alpha2beta,IX_EMPLOYEE,mt_reviewed,,
New Feature,NAS-137769,126363,integrate webshare packages (for spotlight) into middleware,26.0.0-BETA.1,SCALE-26.04-ALPHA.1 (Halfmoon),Done,29/Sep/25 9:20 AM,22/Oct/25 1:58 PM,Blocker,Complete,,,,IX_EMPLOYEE,,,,
Bug,NAS-137787,126395,SCST needs a proper systemd unit file (not autogenerated),26.0.0-BETA.1,,Done,30/Sep/25 8:08 AM,30/Oct/25 6:46 PM,Low,Complete,,,,IX_EMPLOYEE,,,,
Bug,NAS-137901,126623,Unit tests internal push pipeline broken,26.0.0-BETA.1,,Done,06/Oct/25 1:33 AM,13/Oct/25 12:15 AM,Undefined,Complete,,,,IX_EMPLOYEE,,,,
Bug,NAS-137947,126709,Cert revocation is broken in trixie due to upgraded packages,26.0.0-BETA.1,SCALE-26.04-ALPHA.1 (Halfmoon),Done,08/Oct/25 1:55 AM,13/Oct/25 12:14 AM,High,Complete,,,,IX_EMPLOYEE,,,,
Improvement,NAS-137948,126711,Move away from pyOpenSSL and use cryptography instead for crypto plugin,26.0.0-BETA.1,SCALE-26.04-ALPHA.1 (Halfmoon),Done,08/Oct/25 2:11 AM,10/Nov/25 3:15 AM,Low,Complete,,,,IX_EMPLOYEE,,,,
Improvement,NAS-138022,126910,Migrate VMs to new bootloader/ovmf files in trixie,26.0.0-BETA.1,SCALE-26.04-ALPHA.1 (Halfmoon),Done,13/Oct/25 10:17 AM,27/Oct/25 6:03 AM,Undefined,Complete,,,,IX_EMPLOYEE,,,,
Improvement,NAS-138043,126963,Relaxed special vdev constraints in ZFS 2.4,26.0.0-BETA.1,SCALE-26.04-ALPHA.1 (Halfmoon),Done,14/Oct/25 2:13 PM,10/Nov/25 3:12 AM,Medium,Complete,,,,IX_EMPLOYEE,ready_for_assignment,,,
New Feature,NAS-138129,127287,adapt UI to special vdev changes in ZFS 2.4,26.0.0-BETA.1,SCALE-26.04-ALPHA.1 (Halfmoon),Done,20/Oct/25 11:10 AM,30/Dec/25 9:34 AM,Medium,Complete,,,,doc_impact,IX_EMPLOYEE,,,
Bug,NAS-138149,127327,Investigate random cert generation failure when TNC cert is being generated,26.0.0-BETA.1,SCALE-26.04-ALPHA.1 (Halfmoon),Done,21/Oct/25 12:16 PM,27/Oct/25 3:46 AM,Medium,Complete,SCALE-25.10.0 (Goldeye),,,IX_EMPLOYEE,,,,
New Feature,NAS-138210,127653,Pool Dataset details should show containers usage,26.0.0-BETA.1,SCALE-26.04-ALPHA.1 (Halfmoon),Done,27/Oct/25 7:58 AM,03/Nov/25 9:42 AM,Undefined,Complete,,,,IX_EMPLOYEE,,,,
New Feature,NAS-138211,127655,Filesystem attachment delegate for Containers,26.0.0-BETA.1,SCALE-26.04-ALPHA.1 (Halfmoon),Done,27/Oct/25 8:01 AM,10/Nov/25 3:11 AM,Medium,Complete,,,,IX_EMPLOYEE,,,,
New Feature,NAS-138309,128145,Make sure containers in HA work nicely,26.0.0-BETA.1,SCALE-26.04-ALPHA.1 (Halfmoon),Done,01/Nov/25 9:27 AM,08/Dec/25 4:55 AM,High,Complete,,,,IX_EMPLOYEE,,,,
Improvement,NAS-138373,128317,Containers API | NIC API | Add nic type to the response,26.0.0-BETA.1,SCALE-26.04-ALPHA.1 (Halfmoon),Done,04/Nov/25 5:11 AM,08/Dec/25 5:39 AM,Low,Complete,26.0.0-BETA.1,,,IX_EMPLOYEE,,,,
New Feature,NAS-138374,128319,Allow adding GPUs to containers,26.0.0-BETA.1,SCALE-26.04-ALPHA.1 (Halfmoon),Done,04/Nov/25 6:01 AM,15/Nov/25 10:15 AM,Medium,Complete,,,,IX_EMPLOYEE,,,,
Improvement,NAS-138395,128361,Clean unnecessary container parameters,26.0.0-BETA.1,SCALE-26.04-ALPHA.1 (Halfmoon),Done,05/Nov/25 2:32 AM,10/Nov/25 3:09 AM,Medium,Complete,,,,IX_EMPLOYEE,,,,
Improvement,NAS-138400,128403,Remove disk/raw devices from containers,26.0.0-BETA.1,SCALE-26.04-ALPHA.1 (Halfmoon),Done,05/Nov/25 11:02 AM,10/Nov/25 3:08 AM,Undefined,Complete,,,,IX_EMPLOYEE,,,,
Improvement,NAS-138418,128466,Do a connectivity check when we are about to call to outside resources,26.0.0-BETA.1,SCALE-26.04-ALPHA.1 (Halfmoon),Done,06/Nov/25 4:59 AM,23/Feb/26 11:10 AM,Low,Complete,,,,IX_EMPLOYEE,,,,
Bug,NAS-138458,128578,"Duplicate ""apps"" user permissions with nested ""Apps"" datasets",26.0.0-BETA.1,,Done,07/Nov/25 7:14 PM,08/Jan/26 9:15 AM,Low,Complete,SCALE-25.10.0 (Goldeye),,,2604alpha2beta,COMMUNITY_USER,ready_for_assignment,,
Improvement,NAS-138470,128796,Improve error handling for apps on creation,26.0.0-BETA.1,,Done,09/Nov/25 10:32 PM,13/Feb/26 8:30 AM,Medium,Complete,,,,2604alpha2beta,IX_EMPLOYEE,,,
Improvement,NAS-138471,128798,Order attr in VM devices not being respected,26.0.0-BETA.1,SCALE-26.04-ALPHA.1 (Halfmoon),Done,10/Nov/25 1:03 AM,10/Nov/25 3:08 AM,Undefined,Complete,,,,IX_EMPLOYEE,,,,
Improvement,NAS-138477,128852,Investigate/improve/fix container fields implementation,26.0.0-BETA.1,SCALE-26.04-ALPHA.1 (Halfmoon),Done,10/Nov/25 6:05 AM,15/Nov/25 9:19 AM,Undefined,Complete,,,,IX_EMPLOYEE,,,,
New Feature,NAS-138483,128861,Update enterprise license to add a SED feature flag,26.0.0-BETA.1,SCALE-26.04-ALPHA.1 (Halfmoon),Done,10/Nov/25 11:22 AM,23/Nov/25 9:31 AM,Undefined,Complete,,,,IX_EMPLOYEE,,,,
Improvement,NAS-138484,128862,remove internal calls to zfs.snapshot.delete,26.0.0-BETA.1,SCALE-26.04-ALPHA.1 (Halfmoon),Done,10/Nov/25 12:31 PM,03/Dec/25 3:11 PM,Medium,Complete,,,,IX_EMPLOYEE,,,,
Improvement,NAS-138524,129156,Add support for query-filter on json path such as `$.foo.bar[1]`,26.0.0-BETA.1,SCALE-26.04-ALPHA.1 (Halfmoon),Done,12/Nov/25 2:17 PM,28/Dec/25 11:11 AM,Low,Complete,,,,IX_EMPLOYEE,ready_for_assignment,,,
New Feature,NAS-138569,129562,Add nvidia gpu support for LXC containers,26.0.0-BETA.1,SCALE-26.04-ALPHA.1 (Halfmoon),Done,15/Nov/25 9:05 AM,01/Dec/25 5:52 AM,Medium,Complete,,,,IX_EMPLOYEE,,,,
New Feature,NAS-138570,129564,Add intel gpu support for LXC containers,26.0.0-BETA.1,SCALE-26.04-ALPHA.1 (Halfmoon),Done,15/Nov/25 9:05 AM,22/Nov/25 11:02 AM,Undefined,Complete,,,,IX_EMPLOYEE,,,,
New Feature,NAS-138571,129566,Investigate having metrics for LXC containers similar to how we had in virt plugin,26.0.0-BETA.1,SCALE-26.04-ALPHA.1 (Halfmoon),Done,15/Nov/25 10:16 AM,22/Nov/25 11:00 AM,Medium,Complete,,,,IX_EMPLOYEE,,,,
Bug,NAS-138583,129847,sorting is not maintained when the grid refreshes,26.0.0-BETA.1,,Done,17/Nov/25 11:14 AM,15/Jan/26 5:51 AM,Low,Complete,SCALE-25.04.2.6 (Fangtooth),,,2604alpha2beta,COMMUNITY_USER,ready_for_assignment,,
Bug,NAS-138613,130377,Z-Pool is degraded but nothing tells me why or how.,26.0.0-BETA.1,,Done,19/Nov/25 5:50 PM,05/Feb/26 3:12 PM,Medium,Complete,SCALE-25.10.0.1 (Goldeye),,,2604alpha2beta,COMMUNITY_USER,ready_for_assignment,,
New Feature,NAS-138624,130494,Expose container metrics like we did for virt based instances metrics in the UI,26.0.0-BETA.1,,Done,20/Nov/25 11:14 AM,06/Dec/25 6:00 AM,Medium,Complete,,,,IX_EMPLOYEE,,,,
New Feature,NAS-138700,131490,Expose GPU device for LXC containers in UI,26.0.0-BETA.1,,Done,26/Nov/25 11:44 AM,02/Mar/26 3:46 PM,High,Complete,,,,IX_EMPLOYEE,mt_reviewed,,,
Bug,NAS-138743,132152,Migration of incus containers to libvirt implementation broken,26.0.0-BETA.1,SCALE-26.04-ALPHA.1 (Halfmoon),Done,01/Dec/25 10:16 AM,08/Dec/25 10:56 AM,High,Complete,,,,IX_EMPLOYEE,,,,
Improvement,NAS-138749,132259,Group selection action button disappears when confirmation is canceled,26.0.0-BETA.1,,Done,01/Dec/25 8:32 PM,24/Feb/26 8:32 AM,Low,Complete,SCALE-25.10.0 (Goldeye),,,COMMUNITY_USER,waiting_for_feedback,,,
Improvement,NAS-138815,133081,Indicate TrueNAS Connect tier in header,26.0.0-BETA.1,,Done,05/Dec/25 12:15 PM,02/Mar/26 6:34 AM,Medium,Complete,,,,IX_EMPLOYEE,ready_for_assignment,,,
Improvement,NAS-138842,133357,Make sure disk gets synced and pool sed attr reflects reality after license updates,26.0.0-BETA.1,SCALE-26.04-ALPHA.1 (Halfmoon),Done,08/Dec/25 11:12 AM,28/Dec/25 11:10 AM,Undefined,Complete,,,,IX_EMPLOYEE,,,,
Improvement,NAS-138844,133391,Add error logging to audit_handler,26.0.0-BETA.1,,Done,08/Dec/25 2:36 PM,24/Feb/26 8:32 AM,Low,Complete,,,,IX_EMPLOYEE,,,,
Improvement,NAS-138873,133693,Some forms don't show the Unsaved Changes warning,26.0.0-BETA.1,,Done,10/Dec/25 8:34 AM,15/Jan/26 5:51 AM,Medium,Complete,Master - TrueNAS Nightlies,,,2604alpha2beta,IX_EMPLOYEE,,,
Bug,NAS-138896,133979,Add Rsync job misses Save button on mobile,26.0.0-BETA.1,,Done,11/Dec/25 1:32 PM,06/Jan/26 9:44 AM,Low,Complete,SCALE-25.10.0.1 (Goldeye),,,2604alpha2beta,COMMUNITY_USER,ready_for_assignment,,
Improvement,NAS-138931,134409,Add a Description or Label Field to Add Host Screen and Manage Hosts Windows,26.0.0-BETA.1,,Done,15/Dec/25 10:34 AM,24/Feb/26 8:32 AM,Low,Complete,SCALE-25.10.1 (Goldeye),,,IX_EMPLOYEE,ready_for_review,,,
Bug,NAS-138934,134444,"Doing a refresh of the TrueNAS App catalog for updated apps does not refresh the Apps page, a page refresh is required",26.0.0-BETA.1,,Done,15/Dec/25 12:23 PM,02/Mar/26 6:34 AM,Medium,Complete,SCALE-25.10.0.1 (Goldeye),,,2604alpha2beta,COMMUNITY_USER,ready_for_assignment,,
Improvement,NAS-138938,134448,unit tests broken from NAS-138524,26.0.0-BETA.1,SCALE-26.04-ALPHA.1 (Halfmoon),Done,15/Dec/25 1:18 PM,28/Dec/25 11:07 AM,High,Complete,,,,IX_EMPLOYEE,,,,
Bug,NAS-139007,134791,"Certain system states should be made very obvious in the UI, such as ""resilvering""",26.0.0-BETA.2,27.0.0-BETA.1,,,Done,18/Dec/25 3:05 PM,20/May/26 12:35 PM,High,Complete,SCALE-25.10.0.1 (Goldeye),,IX_EMPLOYEE,mt_reviewed,,
Bug,NAS-139038,134907,"ix-netif boot delay ~120s (interface.sync timeout) + dhcpcd logs ""unknown option: master"" on VLAN DHCP (26.04.0-MASTER-20251219-075007)",26.0.0-BETA.1,,Done,20/Dec/25 12:12 PM,02/Mar/26 3:45 PM,High,Complete,Master - TrueNAS Nightlies,,,COMMUNITY_USER,mt_reviewed,ready_for_assignment,,
Bug,NAS-139045,134957,USB passthrough broken on 26.04 20251219 build,26.0.0-BETA.1,,Done,21/Dec/25 2:30 PM,11/Jan/26 2:16 PM,Low,Complete,Master - TrueNAS Nightlies,,,COMMUNITY_USER,ready_for_assignment,,,
Bug,NAS-139053,135003,Boot environments dialogue- keep/unkeep flag switched,26.0.0-BETA.1,,Done,22/Dec/25 8:49 AM,15/Jan/26 5:51 AM,Low,Complete,SCALE-25.10.1 (Goldeye),,,2604alpha2beta,COMMUNITY_USER,ready_for_assignment,,
Improvement,NAS-139093,135294,Link the Rsync logs,26.0.0-BETA.1,,Done,28/Dec/25 3:32 AM,05/Feb/26 3:42 PM,Low,Complete,SCALE-25.10.1 (Goldeye),,,COMMUNITY_USER,ready_for_assignment,,,
Improvement,NAS-139102,135378,consider changing nfs yaml dump to use CSafeLoader,26.0.0-BETA.1,,Done,29/Dec/25 10:22 AM,02/Mar/26 12:09 PM,Medium,Complete,SCALE-25.10.1 (Goldeye),SCALE-26.04-ALPHA.1 (Halfmoon),,IX_EMPLOYEE,,,,
Improvement,NAS-139105,135397,"TrueCloud, There is no information about ",26.0.0-BETA.1,,Done,29/Dec/25 6:32 PM,24/Feb/26 8:33 AM,Undefined,Complete,SCALE-25.10.1 (Goldeye),,,COMMUNITY_USER,,,,
Bug,NAS-139166,135722,Update modal dialog obscures failed secret download,26.0.0-BETA.1,,Done,04/Jan/26 11:55 AM,22/Jan/26 11:01 AM,Medium,Complete,SCALE-25.10.1 (Goldeye),,,COMMUNITY_USER,ready_for_assignment,,,
Bug,NAS-139213,135936,Replication Tasks search filter is reset when job is started/completed,26.0.0-BETA.1,,Done,07/Jan/26 8:52 PM,15/Jan/26 5:32 AM,Low,Complete,SCALE-25.10.1 (Goldeye),,,COMMUNITY_USER,ready_for_assignment,,,
Bug,NAS-139226,135991,"When setting a certificate for the FTP service, check if the certificate is RSA or EC",26.0.0-BETA.1,,Done,08/Jan/26 1:04 PM,25/Feb/26 7:01 PM,Low,Complete,SCALE-25.10.2 (Goldeye),,,COMMUNITY_USER,waiting_for_feedback,,,
Improvement,NAS-139230,135996,Add BRT support to zpool prefetch command,26.0.0-BETA.1,,Done,08/Jan/26 1:48 PM,02/Mar/26 3:39 PM,High,Complete,SCALE-26.04-ALPHA.1 (Halfmoon),,,IX_EMPLOYEE,mt_reviewed,ready_for_assignment,,
Bug,NAS-139241,136141,Fix timspan display issues on UPS reporting charts,26.0.0-BETA.1,,Done,09/Jan/26 7:50 AM,05/Feb/26 3:11 PM,Low,Complete,SCALE-25.10.1 (Goldeye),,,IX_EMPLOYEE,ready_for_assignment,,,
Improvement,NAS-139245,136177,Python type stubs in truenas_pyos repo,26.0.0-BETA.1,,Done,09/Jan/26 1:40 PM,09/Jan/26 1:40 PM,Low,Complete,,,,IX_EMPLOYEE,,,,
Bug,NAS-139259,136311,Cannot create or write into the data directory /var/www/html/data,26.0.0-BETA.1,,Done,11/Jan/26 2:00 PM,24/Feb/26 8:33 AM,Undefined,Complete,SCALE-25.10.1 (Goldeye),,,COMMUNITY_USER,,,,
Bug,NAS-139293,136424,"When I export the pool that has no system dataset, it says ""System dataset will be moved off this pool""",26.0.0-BETA.1,,Done,13/Jan/26 3:57 AM,19/Jan/26 10:07 AM,Medium,Complete,Master - TrueNAS Nightlies,,,IX_EMPLOYEE,,,,
Improvement,NAS-139303,136538,Add graceful shutdown of docker when TN is being shutdown,26.0.0-BETA.1,,Done,13/Jan/26 6:13 PM,01/Feb/26 5:06 AM,Undefined,Complete,,,,IX_EMPLOYEE,,,,
Bug,NAS-139324,136760,Wrong date when creating replication task,26.0.0-BETA.1,,Done,15/Jan/26 6:53 AM,06/Feb/26 4:52 AM,Low,Complete,SCALE-25.10.1 (Goldeye),,,COMMUNITY_USER,ready_for_assignment,,,
Improvement,NAS-139329,136767,Tunables and Syctls is duplicate page,26.0.0-BETA.1,,Done,15/Jan/26 9:44 AM,06/Feb/26 4:51 AM,Undefined,Complete,,,,doc_impact,IX_EMPLOYEE,,,
Bug,NAS-139342,136855,Tooltips/poppers are broken after v21 Angular update,26.0.0-BETA.1,,Done,16/Jan/26 4:43 AM,20/Jan/26 1:45 PM,Medium,Complete,26.0.0-BETA.1,,,IX_EMPLOYEE,,,,
Improvement,NAS-139345,136890,Reduce alerts regarding app updates,26.0.0-BETA.1,,Done,16/Jan/26 8:48 AM,01/Feb/26 5:06 AM,Undefined,Complete,,,,IX_EMPLOYEE,ready_for_review,,,
Bug,NAS-139346,136891,"Apps Form, No error shown when list type has a `min` constrain.",26.0.0-BETA.1,,Done,16/Jan/26 8:54 AM,24/Feb/26 8:33 AM,Undefined,Complete,,,,IX_EMPLOYEE,,,,
Bug,NAS-139356,136938,PCIE passthrough broken,26.0.0-BETA.1,,Done,17/Jan/26 2:14 AM,22/Feb/26 1:00 PM,Low,Complete,Master - TrueNAS Nightlies,,,COMMUNITY_USER,ready_for_assignment,,,
Bug,NAS-139361,137010,Misleading Nomenclature of authorized keys with new Users page,26.0.0-BETA.1,,Done,18/Jan/26 4:14 AM,06/Feb/26 4:52 AM,Low,Complete,SCALE-25.10.1 (Goldeye),,,COMMUNITY_USER,ready_for_assignment,,,
Bug,NAS-139363,137047,Dataset unavailable after zfs send,26.0.0-BETA.1,,Done,18/Jan/26 3:43 PM,05/Feb/26 8:02 AM,Low,Complete,SCALE-25.10.1 (Goldeye),,,COMMUNITY_USER,ready_for_assignment,,,
Bug,NAS-139385,137250,Plural forms are not rendering correctly on the current page,26.0.0-BETA.1,,Done,20/Jan/26 7:00 AM,06/Feb/26 4:51 AM,Low,Complete,Master - TrueNAS Nightlies,,,COMMUNITY_USER,ready_for_assignment,,,
Bug,NAS-139397,137328,cannot update an ISCSI auth method with `Mutual CHAP` set,26.0.0-BETA.1,,Done,20/Jan/26 3:14 PM,23/Jan/26 4:04 PM,Low,Complete,26.0.0-BETA.1,,,IX_EMPLOYEE,,,,
Bug,NAS-139412,137477,Investigate storing reboot reasons for local node,26.0.0-BETA.2,27.0.0-BETA.1,,,Done,21/Jan/26 10:43 AM,13/Apr/26 7:57 AM,Medium,Complete,,,IX_EMPLOYEE,ready_for_assignment,,
Improvement,NAS-139415,137549,Jobs view do not format the json content (arguments),26.0.0-BETA.1,,Done,21/Jan/26 2:18 PM,02/Mar/26 6:34 AM,Low,Complete,,,,IX_EMPLOYEE,,,,
Bug,NAS-139448,137972,TrueNAS connect icon is in a different shade of white,26.0.0-BETA.1,,Done,24/Jan/26 3:35 AM,02/Mar/26 6:34 AM,Low,Complete,Master - TrueNAS Nightlies,,,COMMUNITY_USER,ready_for_assignment,,,
Improvement,NAS-139477,138188,Add FEC to interface options,26.0.0-BETA.2,,,,Done,26/Jan/26 1:20 PM,14/May/26 11:04 AM,High,Complete,,,IX_EMPLOYEE,mt_reviewed,ready_for_review,
Bug,NAS-139489,138237,"Bad disk serial causes ""We are working in the background to generate relevant data""",26.0.0-BETA.1,,Done,27/Jan/26 2:30 AM,02/Feb/26 5:08 AM,Low,Complete,SCALE-25.10.1 (Goldeye),,,COMMUNITY_USER,ready_for_assignment,,,
Bug,NAS-139490,138240,Shares/NFS no action available,26.0.0-BETA.1,,Done,27/Jan/26 3:51 AM,05/Feb/26 4:31 PM,Low,Complete,SCALE-25.10.1 (Goldeye),,,COMMUNITY_USER,ready_for_assignment,,,
Bug,NAS-139491,138244,WebUI logs out user on Firefox page refresh,26.0.0-BETA.1,,Done,27/Jan/26 4:48 AM,03/Feb/26 6:55 AM,Low,Complete,SCALE-25.10.1 (Goldeye),,,COMMUNITY_USER,ready_for_assignment,,,
Bug,NAS-139519,138448,WebUI displays ENOENT/EINVAL tracebacks after exporting a pool via CLI midclt,26.0.0-BETA.1,,Done,28/Jan/26 3:34 AM,10/Feb/26 11:44 AM,Low,Complete,SCALE-25.10.1 (Goldeye),,,COMMUNITY_USER,ready_for_assignment,,,
Bug,NAS-139521,138453,Some UI elements is active while filing a bug,26.0.0-BETA.1,,Done,28/Jan/26 4:22 AM,05/Feb/26 3:10 PM,Low,Complete,SCALE-25.10.1 (Goldeye),,,COMMUNITY_USER,ready_for_assignment,,,
Bug,NAS-139535,138704,unable to edit Share ACL,26.0.0-BETA.1,,Done,29/Jan/26 12:59 PM,24/Feb/26 8:33 AM,Undefined,Complete,SCALE-25.10.1 (Goldeye),,,COMMUNITY_USER,waiting_for_feedback,,,
Improvement,NAS-139544,138919,Add option to de-register from TrueNAS Connect,26.0.0-BETA.1,,Done,30/Jan/26 1:46 PM,02/Feb/26 2:04 PM,Medium,Complete,,,,IX_EMPLOYEE,,,,
Bug,NAS-139545,138921,Apps wont start after update to Dev build ,26.0.0-BETA.1,,Done,30/Jan/26 2:22 PM,02/Mar/26 3:10 PM,High,Complete,Master - TrueNAS Nightlies,,,COMMUNITY_USER,mt_reviewed,ready_for_review,,
Bug,NAS-139548,138961,VM USB Pasthrough not working,26.0.0-BETA.2,,,,Done,30/Jan/26 4:53 PM,09/Mar/26 10:48 AM,Low,Complete,SCALE-25.10.1 (Goldeye),,COMMUNITY_USER,ready_for_assignment,,
Bug,NAS-139559,139075,TimeMachine SMB Shares being indexed unnecessarily,26.0.0-BETA.1,,Done,31/Jan/26 11:05 AM,31/Jan/26 4:31 PM,Medium,Complete,Master - TrueNAS Nightlies,,,IX_EMPLOYEE,,,,
Bug,NAS-139571,139162,Empty System > Services in the web interface,26.0.0-BETA.1,,Done,01/Feb/26 7:27 AM,24/Feb/26 12:29 PM,Low,Complete,,,,COMMUNITY_USER,ready_for_assignment,,,
Bug,NAS-139580,139309,tn_connect.ips_with_hostnames API call returning empty,26.0.0-BETA.1,,Done,02/Feb/26 9:15 AM,02/Feb/26 11:16 AM,Medium,Complete,,,,IX_EMPLOYEE,,,,
Bug,NAS-139705,141516,The time of the apps' logs don't follow the system timezone,26.0.0-BETA.1,N/A,Done,10/Feb/26 8:33 AM,02/Mar/26 11:44 AM,Low,Complete,SCALE-25.10.1 (Goldeye),,,COMMUNITY_USER,ready_for_assignment,,,
Bug,NAS-139711,141719,Allow configuring idmap/capabilities on container create/update in UI,26.0.0-BETA.1,,Done,10/Feb/26 1:48 PM,02/Mar/26 6:28 AM,Undefined,Complete,,,,IX_EMPLOYEE,,,,
Improvement,NAS-139736,142203,Remove trailing slash from TNC PUT /hostnames endpoint,26.0.0-BETA.1,,Done,11/Feb/26 11:35 AM,23/Feb/26 9:13 AM,Low,Complete,26.0.0-BETA.1,SCALE-25.10.2 (Goldeye),,IX_EMPLOYEE,tnc_hotfix,,,
Bug,NAS-139741,142336,Update TrueNAS snmp MIB,26.0.0-BETA.1,,Done,11/Feb/26 3:07 PM,12/Feb/26 11:58 AM,Undefined,Complete,SCALE-25.10.2 (Goldeye),,,IX_EMPLOYEE,,,,
Improvement,NAS-139752,142605,Expose product type in alert.list_categories for each class/id,26.0.0-BETA.1,,Done,12/Feb/26 11:14 AM,18/Feb/26 10:04 AM,Medium,Complete,,,,IX_EMPLOYEE,,,,
Improvement,NAS-139762,142651,update engineering Jenkins to point to new private build repo,26.0.0-BETA.1,,Done,12/Feb/26 12:47 PM,02/Mar/26 11:54 AM,Blocker,Complete,,,,IX_EMPLOYEE,mt_reviewed,,,
Bug,NAS-139773,142671,Issues at Rsync setup for Hetzner: remote path validation and 'Host key not found',26.0.0-BETA.1,,Done,12/Feb/26 4:03 PM,18/Feb/26 6:33 PM,Low,Complete,SCALE-25.10.1 (Goldeye),,,COMMUNITY_USER,ready_for_assignment,,,
Bug,NAS-139786,142885,Increase margin/safe space at canvas edges for lower webUI elements to improve mobile/tablet operation,26.0.0-BETA.1,,Done,13/Feb/26 11:08 AM,02/Mar/26 6:28 AM,Low,Complete,SCALE-25.10.1 (Goldeye),,,IX_EMPLOYEE,ready_for_assignment,,,
Bug,NAS-139794,142929,"TrueNAS Nightly Update Fails with ""pool or dataset is busy"" and Sets Broken Boot Environment as Default",26.0.0-BETA.1,,Done,13/Feb/26 2:45 PM,02/Mar/26 3:06 PM,Blocker,Complete,,,,COMMUNITY_USER,mt_reviewed,,,
Bug,NAS-139803,142975,Unable to set secondary interface aliases in 26.04 MASTER (KeyError: 'alias_interface_id'),26.0.0-BETA.1,,Done,13/Feb/26 10:38 PM,14/Feb/26 11:20 AM,Medium,Complete,Master - TrueNAS Nightlies,,,COMMUNITY_USER,,,,
Bug,NAS-139807,143047,Locking replicated encrypted dataset on read-only dataset shows error but works.  Likely UI bug.,26.0.0-BETA.1,,Done,14/Feb/26 7:04 PM,02/Mar/26 11:32 AM,Low,Complete,SCALE-25.10.1 (Goldeye),,,COMMUNITY_USER,ready_for_assignment,,,
Bug,NAS-139812,143155,Cannot create/modify VMs or containers in TrueNAS 26 nightly,26.0.0-BETA.1,,Done,15/Feb/26 7:12 PM,02/Mar/26 11:48 AM,Blocker,Complete,,,,COMMUNITY_USER,mt_reviewed,ready_for_assignment,,
Improvement,NAS-139817,143260,L2ARC: Extended headroom for metadata persistent markers,26.0.0-BETA.1,26.0.0-BETA.2,Done,16/Feb/26 8:22 AM,10/Mar/26 3:49 PM,Low,Complete,,,,IX_EMPLOYEE,,,,
Defect,NAS-139820,143266,Fix available space accounting for special/dedup,26.0.0-BETA.1,,Done,16/Feb/26 9:50 AM,02/Mar/26 2:55 PM,High,Complete,SCALE-25.10.2 (Goldeye),,,IX_EMPLOYEE,mt_reviewed,,,
Bug,NAS-139834,143412,App update notifications,26.0.0-BETA.1,,Done,17/Feb/26 12:17 AM,08/Mar/26 6:30 PM,Low,Complete,SCALE-25.10.1 (Goldeye),,,COMMUNITY_USER,ready_for_assignment,,,
Improvement,NAS-139853,143794,Rework session timeout user settings,26.0.0-BETA.1,,Done,18/Feb/26 9:00 AM,19/Feb/26 1:14 PM,Low,Complete,Master - TrueNAS Nightlies,,,doc_impact,IX_EMPLOYEE,tests_impact,,
Improvement,NAS-139856,143829,Use `reconnect_token` from login_ex instead of manually generating token,26.0.0-BETA.1,,Done,18/Feb/26 10:59 AM,24/Feb/26 10:39 AM,Medium,Complete,,,,IX_EMPLOYEE,,,,
Improvement,NAS-139859,143843,Missing Group Configuration for Webshare Service,26.0.0-BETA.1,,Done,18/Feb/26 2:00 PM,23/Feb/26 10:34 AM,Medium,Complete,Master - TrueNAS Nightlies,,,IX_EMPLOYEE,,,,
Improvement,NAS-139862,143846,Rename Main Dashboard Widget Editor to Card Editor,26.0.0-BETA.1,26.0.0-BETA.2,Done,18/Feb/26 2:29 PM,02/Mar/26 6:27 AM,Low,Complete,Master - TrueNAS SCALE,,,IX_EMPLOYEE,ready_for_assignment,,,
Bug,NAS-139866,143851,Sidebar does not show up on screenshot when editing a user and submitting a bug via the webUI.,26.0.0-BETA.1,,Done,18/Feb/26 4:14 PM,02/Mar/26 6:27 AM,Low,Complete,,,,COMMUNITY_USER,ready_for_assignment,,,
New Feature,NAS-139870,143952,[Containers] Select Image Dialog Improvements,26.0.0-BETA.1,,Done,19/Feb/26 5:04 AM,02/Mar/26 6:28 AM,Medium,Complete,SCALE-25.04.2.1 (Fangtooth),,,IX_EMPLOYEE,,,,
Improvement,NAS-139905,144394,Optional product types argument to alert.list_categories,26.0.0-BETA.1,,Done,20/Feb/26 12:13 PM,23/Feb/26 8:54 AM,Low,Complete,,,,IX_EMPLOYEE,,,,
Bug,NAS-139917,144415,Please disable the ipa-epn.timer unit by default,26.0.0-BETA.1,,Done,20/Feb/26 3:33 PM,23/Feb/26 4:16 PM,Low,Complete,SCALE-25.10.2 (Goldeye),,,COMMUNITY_USER,ready_for_assignment,,,
Bug,NAS-139925,144558,Opened side panels don't scroll in mobile browsers,26.0.0-BETA.1,,Done,21/Feb/26 1:40 AM,27/Mar/26 2:39 PM,Low,Complete,Master - TrueNAS Nightlies,,,COMMUNITY_USER,ready_for_assignment,,,
Bug,NAS-139945,144922,Fix failing build of rwd package,26.0.0-BETA.1,,Done,23/Feb/26 10:53 AM,23/Feb/26 11:19 AM,Undefined,Complete,,,,IX_EMPLOYEE,,,,
Bug,NAS-139949,144995,CloudSync tooltip for Fast List uses MD instead of HTML,26.0.0-BETA.2,,,,Done,23/Feb/26 2:51 PM,05/May/26 11:12 AM,Low,Complete,,,COMMUNITY_USER,ready_for_assignment,,
Bug,NAS-139955,145162,Cannot edit user that is a member of docker group,26.0.0-BETA.2,27.0.0-BETA.1,,,Done,24/Feb/26 2:21 AM,16/Apr/26 8:52 AM,Low,Complete,SCALE-25.10.2 (Goldeye),,COMMUNITY_USER,ready_for_assignment,,
Bug,NAS-139965,145271,Plex app with networks won't submit,26.0.0-BETA.1,N/A,Done,24/Feb/26 11:39 AM,02/Mar/26 6:27 AM,Undefined,Complete,,,,IX_EMPLOYEE,,,,
Bug,NAS-139966,145305,Widgets not working on Truenas Scale 25.10.2,26.0.0-BETA.2,Backlog,,,Done,24/Feb/26 12:42 PM,20/Apr/26 8:19 AM,Low,Complete,SCALE-25.10.2 (Goldeye),,COMMUNITY_USER,ready_for_assignment,,
Improvement,NAS-139990,145696,Make File Ticket and Save Debug items look like buttons on UI,26.0.0-BETA.1,,Done,25/Feb/26 3:27 PM,02/Apr/26 8:24 AM,Low,Complete,26.0.0-BETA.1,,,IX_EMPLOYEE,ready_for_assignment,,,
Bug,NAS-139998,145901,Dialogs does not do well with hints and show them below the modal popup,26.0.0-BETA.1,26.0.0-BETA.2,Done,26/Feb/26 9:12 AM,24/Mar/26 5:52 AM,Low,Complete,,,,IX_EMPLOYEE,ready_for_assignment,,,
Improvement,NAS-140055,146772,change rwd to listen on 127.0.0.1 and a static port,26.0.0-BETA.1,,Done,02/Mar/26 12:29 PM,05/Mar/26 12:59 PM,High,Complete,,,,IX_EMPLOYEE,mt_reviewed,,,
Bug,NAS-140108,147358,Alerts panel opens below the opened slide in form,26.0.0-BETA.2,27.0.0-BETA.1,,,Done,04/Mar/26 6:11 AM,24/Mar/26 5:51 AM,Low,Complete,SCALE-25.10.1 (Goldeye),,IX_EMPLOYEE,ready_for_assignment,,
Bug,NAS-140163,147977,Attach debug not working,26.0.0-BETA.2,,,,Done,06/Mar/26 7:27 AM,11/Mar/26 8:29 AM,Low,Complete,,,COMMUNITY_USER,ready_for_assignment,,
Bug,NAS-140185,148328,"TrueNAS26: hostname of container is always LXCNAME, should be Container name",26.0.0-BETA.2,,,,Done,07/Mar/26 5:04 AM,02/Apr/26 7:50 AM,Low,Complete,Master - TrueNAS Nightlies,,COMMUNITY_USER,ready_for_assignment,,
New Feature,NAS-140216,148856,Add pipelines for pushing docker images of middleware,26.0.0-BETA.2,Master - TrueNAS Nightlies,,,Done,10/Mar/26 11:06 AM,16/Mar/26 11:24 AM,Undefined,Complete,,,IX_EMPLOYEE,,,
Bug,NAS-140237,149143,Report debug attachment failures,26.0.0-BETA.2,,,,Done,11/Mar/26 7:51 AM,24/Mar/26 5:51 AM,Medium,Complete,,,IX_EMPLOYEE,,,
Bug,NAS-140259,149435,SNMP alerts broken,26.0.0-BETA.1,26.0.0-BETA.2,Done,12/Mar/26 10:06 AM,13/Mar/26 7:43 AM,Undefined,Complete,26.0.0-BETA.1,,,IX_EMPLOYEE,,,,
Bug,NAS-140266,149507,Middleware not updating nvmet,26.0.0-BETA.2,27.0.0-BETA.1,,,Done,12/Mar/26 1:43 PM,05/May/26 9:41 AM,Low,Complete,SCALE-25.10.2 (Goldeye),,COMMUNITY_USER,ready_for_review,,
Bug,NAS-140293,149845,Encryption dialog cannot save when validation error for hidden field,26.0.0-BETA.2,,,,Done,14/Mar/26 4:08 PM,13/Apr/26 8:27 AM,Low,Complete,SCALE-25.10.1 (Goldeye),,COMMUNITY_USER,ready_for_assignment,,
Bug,NAS-140306,149931,Unable to save E-Mail options with GMail OAuth,26.0.0-BETA.2,27.0.0-BETA.1,,,Done,16/Mar/26 6:01 AM,13/Apr/26 8:28 AM,Medium,Complete,,,IX_EMPLOYEE,release_notes_mention,,
Improvement,NAS-140329,150376,Expose FEC mode interface setting on enterprise systems,26.0.0-BETA.2,,,,Done,17/Mar/26 11:31 AM,27/May/26 2:56 PM,Medium,Complete,,,doc_impact,doc_resolved,IX_EMPLOYEE,
Bug,NAS-140344,150563,pool.get_disks returning virtual DRAID devices,26.0.0-BETA.1,26.0.0-BETA.2,Done,18/Mar/26 9:43 AM,18/Mar/26 3:20 PM,Blocker,Complete,,,,,,,,
Defect,NAS-140345,150564,Fix some log spam on first boot - PAM stack failed to allocate session UUID.,26.0.0-BETA.1,26.0.0-BETA.2,Done,18/Mar/26 9:48 AM,18/Mar/26 12:20 PM,High,Complete,26.0.0-BETA.1,,,,,,,
Defect,NAS-140347,150566,Fix some public methods being considered private,26.0.0-BETA.2,,,,Done,18/Mar/26 10:08 AM,02/Apr/26 7:26 AM,Low,Complete,,,,,,
Bug,NAS-140366,150932,Manual Update URL 404 - See the manual image installation guide ,26.0.0-BETA.2,,,,Done,19/Mar/26 1:16 PM,25/Mar/26 5:27 PM,Low,Complete,SCALE-25.10.0.1 (Goldeye),,bug,COMMUNITY_USER,ready_for_assignment,WebUI
Improvement,NAS-140368,150968,Research replacing pysnmp for SNMP trap sending,26.0.0-BETA.2,N/A,,,Done,19/Mar/26 2:14 PM,03/Apr/26 4:18 PM,Undefined,Complete,,,IX_EMPLOYEE,,,
Bug,NAS-140383,151143,TrueNAS 25.10 breaks custom S3 backup,26.0.0-BETA.2,,,,Done,20/Mar/26 11:37 AM,25/Mar/26 2:22 PM,Low,Complete,SCALE-25.10.2.1 (Goldeye),,COMMUNITY_USER,ready_for_assignment,,
Bug,NAS-140389,151219,Failed to load datasets,26.0.0-BETA.1,26.0.0-BETA.2,Done,20/Mar/26 3:39 PM,01/Apr/26 9:12 AM,Low,Complete,Master - TrueNAS Nightlies,,,COMMUNITY_USER,mt_reviewed,ready_for_assignment,,
New Feature,NAS-140393,151456,Add new cloud sync credentials S3 checkbox: sign_accept_encoding,26.0.0-BETA.2,,,,Done,23/Mar/26 12:09 PM,26/Mar/26 9:49 AM,Low,Complete,,,IX_EMPLOYEE,,,
Bug,NAS-140421,152240,Unable to pass intel GPU device to LXC,26.0.0-BETA.2,27.0.0-BETA.1,,,Done,26/Mar/26 1:40 AM,29/Mar/26 4:55 AM,Medium,Complete,Master - TrueNAS Nightlies,,COMMUNITY_USER,ready_for_review,,
Bug,NAS-140446,152854,I can't add ISOs to VMs through the creation wizzard neither manually after adding CDROM,26.0.0-BETA.2,,,,Done,28/Mar/26 4:35 AM,07/Apr/26 1:11 PM,Medium,Complete,SCALE-25.10.2.1 (Goldeye),,COMMUNITY_USER,ready_for_assignment,,
Improvement,NAS-140478,153255,Investigate targeted export cache flush for snapshot unmounts,26.0.0-BETA.2,,,,Done,30/Mar/26 10:12 PM,14/May/26 8:25 AM,Low,Complete,,,IX_EMPLOYEE,,,
Bug,NAS-140497,153684,"Resizing NVMe, keep original list of attached controllers",26.0.0-BETA.2,,,,Done,01/Apr/26 12:08 PM,01/Apr/26 1:34 PM,Medium,Complete,,,IX_EMPLOYEE,,,
Bug,NAS-140501,153752,Sorting Virtual Machines/Running,26.0.0-BETA.2,27.0.0-BETA.1,,,Done,01/Apr/26 2:18 PM,13/Apr/26 8:21 AM,Low,Complete,SCALE-25.10.2.1 (Goldeye),,COMMUNITY_USER,ready_for_assignment,,
Improvement,NAS-140521,154068,Investigate possible improvement to zfsctl_snadir_vget,26.0.0-BETA.2,N/A,,,Done,02/Apr/26 1:17 PM,20/Apr/26 12:28 PM,Low,Complete,,,IX_EMPLOYEE,,,
Bug,NAS-140548,154436,nsupdate sends IPv4 and IPv6 PTR records in single transaction causing NOTZONE failure on AD domain join,26.0.0-BETA.3,27.0.0-BETA.1,,,Done,05/Apr/26 6:21 PM,30/Jun/26 2:35 PM,Low,Complete,SCALE-25.10.2.1 (Goldeye),,,COMMUNITY_USER,,
Improvement,NAS-140553,154606,Apps - Introduce new `x-` attribute in the compose file for action-required,26.0.0-BETA.2,27.0.0-BETA.1,,,Done,06/Apr/26 9:45 AM,26/Apr/26 7:18 PM,Medium,Complete,,,IX_EMPLOYEE,,,
Bug,NAS-140587,155071,posix_fadvise(POSIX_FADV_SEQUENTIAL) causing OOM,26.0.0-BETA.2,,,,Done,07/Apr/26 12:12 PM,07/Apr/26 8:08 PM,Medium,Complete,26.0.0-BETA.1,,IX_EMPLOYEE,,,
Bug,NAS-140621,155630,"Disconnect a pool, container names stay but containers are gone",26.0.0-BETA.2,27.0.0-BETA.1,,,Done,09/Apr/26 11:04 AM,20/Apr/26 11:32 AM,Low,Complete,26.0.0-BETA.1,,COMMUNITY_USER,ready_for_assignment,,
Bug,NAS-140626,155639,XML error: Duplicate USB controllers with index 1 when VM contains 2 or more USB devices,26.0.0-BETA.2,27.0.0-BETA.1,,,Done,09/Apr/26 11:19 AM,27/Apr/26 5:51 AM,Medium,Complete,26.0.0-BETA.1,,COMMUNITY_USER,,,
Improvement,NAS-140629,155643,Re-evaluate DRAID + Dedicated Spare Validation in Pool Creation,26.0.0-BETA.3,27.0.0-BETA.1,,,Done,09/Apr/26 11:59 AM,05/Jun/26 2:38 PM,High,Complete,,,,IX_EMPLOYEE,,
Bug,NAS-140637,155719,Broken storage usage estimate in snapshot page,26.0.0-BETA.2,27.0.0-BETA.1,,,Done,09/Apr/26 4:09 PM,05/May/26 11:12 AM,Medium,Complete,26.0.0-BETA.1,,COMMUNITY_USER,,,
Bug,NAS-140652,156095,False ‘failed a SMART selftest’ alerts after upgrading from ElectricEel to Goldeye,26.0.0-BETA.2,27.0.0-BETA.1,,,Done,11/Apr/26 1:27 PM,20/May/26 4:37 PM,High,Complete,SCALE-25.10.2.1 (Goldeye),,COMMUNITY_USER,hf_want,mt_reviewed,
Bug,NAS-140691,156934,LXC fails to start,26.0.0-BETA.2,27.0.0-BETA.1,,,Done,16/Apr/26 2:27 AM,27/May/26 2:58 PM,Medium,Complete,26.0.0-BETA.1,,COMMUNITY_USER,doc_impact,doc_resolved,
Bug,NAS-140692,156936,TrueNAS 26 is missing `en_US.UTF-8` locale,26.0.0-BETA.2,27.0.0-BETA.1,,,Done,16/Apr/26 3:42 AM,16/Apr/26 8:45 AM,Low,Complete,26.0.0-BETA.1,,COMMUNITY_USER,,,
Improvement,NAS-140723,157101,Dashboard widget trims letter's underside,26.0.0-BETA.2,27.0.0-BETA.1,N/A,,Done,18/Apr/26 7:14 AM,05/May/26 11:12 AM,Undefined,Complete,SCALE-25.10.3.1 (Goldeye),,IX_EMPLOYEE,,,
Improvement,NAS-140730,157118,Sync WebUI with TrueNAS API v27 — granular roles & interface updates,26.0.0-BETA.3,27.0.0-BETA.1,,,Done,20/Apr/26 8:02 AM,24/May/26 8:44 AM,Undefined,Complete,26.0.0-BETA.3,,,IX_EMPLOYEE,triage_skipped,
Bug,NAS-140732,157120,Erro acessing apps panel - Follow Up,26.0.0-BETA.3,27.0.0-BETA.1,,,Done,20/Apr/26 10:22 AM,11/May/26 11:03 AM,Low,Complete,SCALE-25.10.3.1 (Goldeye),,,COMMUNITY_USER,ready_for_assignment,
Improvement,NAS-140748,157149,disk_resize: NVMe namespace delete can timeout on drives with written data,26.0.0-BETA.2,27.0.0-BETA.1,,,Done,21/Apr/26 3:47 PM,17/May/26 11:55 PM,High,Complete,,,IX_EMPLOYEE,mt_reviewed,,
Bug,NAS-140749,157150,Spotlight search error,26.0.0-BETA.2,,,,Done,21/Apr/26 5:25 PM,23/Apr/26 4:02 PM,High,Complete,26.0.0-BETA.1,,COMMUNITY_USER,mt_reviewed,,
New Feature,NAS-140762,157174,Use new license API,26.0.0-BETA.2,27.0.0-BETA.1,,,Done,23/Apr/26 8:42 AM,14/May/26 3:54 PM,Blocker,Complete,,,IX_EMPLOYEE,mt_reviewed,triage_skipped,
Bug,NAS-140766,157182,Container 'Map User And Group IDs' not working,26.0.0-BETA.2,26.0.0-RC.1,27.0.0-BETA.1,,Done,23/Apr/26 12:46 PM,20/May/26 2:22 PM,Blocker,Complete,26.0.0-BETA.1,,COMMUNITY_USER,mt_reviewed,release_notes_mention,
Bug,NAS-140791,157224,Unable to modify Device Order in VM's using 26.0.0-BETA.1,26.0.0-BETA.3,27.0.0-BETA.1,,,Done,24/Apr/26 7:14 PM,10/Jul/26 6:10 AM,Medium,Complete,26.0.0-BETA.1,,,COMMUNITY_USER,,
Bug,NAS-140792,157226,Unable to Clone VM on 26.0.0-Beta.1,26.0.0-BETA.2,,,,Done,24/Apr/26 7:33 PM,03/May/26 5:01 PM,Medium,Complete,26.0.0-BETA.1,,COMMUNITY_USER,,,
Bug,NAS-140810,157259,"The ""Japan"" time zone is not working.",26.0.0-BETA.3,27.0.0-BETA.1,,,Done,27/Apr/26 11:54 PM,04/Jun/26 8:39 AM,Low,Complete,26.0.0-BETA.1,,,COMMUNITY_USER,ready_for_assignment,
Improvement,NAS-140839,157301,Editable - edit icon is not consistent,26.0.0-BETA.3,27.0.0-BETA.1,,,Done,29/Apr/26 9:26 AM,05/May/26 11:11 AM,Undefined,Complete,,,,IX_EMPLOYEE,triage_skipped,
Bug,NAS-140840,157302,Failed Rsync task alert remains after task has been removed,26.0.0-BETA.3,27.0.0-BETA.1,,,Done,29/Apr/26 9:41 AM,01/May/26 4:45 PM,Low,Complete,26.0.0-BETA.1,,,COMMUNITY_USER,,
Bug,NAS-140878,157360,Upgraded to v26 and full replication failed to BOTH my backup sites,26.0.0-BETA.3,27.0.0-BETA.1,,,Done,01/May/26 1:57 PM,06/Jul/26 8:08 AM,Low,Complete,26.0.0-BETA.1,,,COMMUNITY_USER,ready_for_assignment,
Bug,NAS-140894,157422,webshare doesn't allow option to continue if passkey reg fails,login to webshare with password. try to create passkey and abort out of it so it fails. You'll get a message you can still use webshare but there is NO BUTTON to allow you to continue. You are stuck. There is only the create passkey button.,26.0.0-RC.1,27.0.0-BETA.1,,,Done,03/May/26 3:05 AM,15/Sep/26 3:52 PM,Medium,Complete,26.0.0-BETA.1,,,,COMMUNITY_USER,,,
Bug,NAS-140905,157458,Warning Currently running system version profile does not match selected update profile,26.0.0-BETA.3,27.0.0-BETA.1,N/A,,Done,04/May/26 3:05 PM,12/May/26 10:50 AM,Medium,Complete,SCALE-25.10.2 (Goldeye),,,IX_EMPLOYEE,ready_for_assignment,triage_skipped
Bug,NAS-140907,157463,"After a corruption on one of my pools (not boot pool), Alerts for corrupted audit db is being raised.",26.0.0-BETA.3,27.0.0-BETA.1,,,Done,05/May/26 7:01 AM,26/Jun/26 9:22 AM,Low,Complete,SCALE-25.10.3 (Goldeye),,,IX_EMPLOYEE,triage_skipped,
Bug,NAS-140932,157500,WebShare doesn't enable/disable truesearch support on SIGHUP,26.0.0-BETA.2,26.0.0-RC.1,27.0.0-BETA.1,,Done,07/May/26 10:18 AM,07/May/26 10:40 AM,Low,Complete,26.0.0-BETA.1,,IX_EMPLOYEE,triage_skipped,,
Bug,NAS-140952,157532,TrueSearch from macOS Spotlight isn't working,26.0.0-BETA.2,26.0.0-RC.1,27.0.0-BETA.1,,Done,10/May/26 10:10 AM,13/May/26 3:03 PM,Medium,Complete,Master - TrueNAS Nightlies,,COMMUNITY_USER,,,
Bug,NAS-140955,157569,FAULTED Drive but VDEV appears fine,26.0.0-BETA.3,27.0.0-BETA.1,N/A,,Done,11/May/26 3:33 AM,29/May/26 10:01 AM,Low,Complete,26.0.0-BETA.1,,,COMMUNITY_USER,,
Bug,NAS-140957,157574,"Container Shell, Up / Down / Left / Right not working",26.0.0-BETA.3,27.0.0-BETA.1,,,Done,11/May/26 4:18 AM,24/May/26 8:43 AM,Medium,Complete,26.0.0-BETA.1,,,COMMUNITY_USER,,
Improvement,NAS-140964,157587,Misleading message for TrueNAS Connect finalization timeout,26.0.0-BETA.3,27.0.0-BETA.1,,,Done,11/May/26 2:11 PM,24/May/26 8:44 AM,Low,Complete,26.0.0-BETA.1,,,IX_EMPLOYEE,triage_skipped,
Improvement,NAS-140965,157588,Orphaned TNC certificate after auto-unset,26.0.0-BETA.3,27.0.0-BETA.1,,,Done,11/May/26 2:20 PM,16/May/26 5:13 PM,Medium,Complete,26.0.0-BETA.1,,,IX_EMPLOYEE,triage_skipped,
Improvement,NAS-140974,157637,Unneeded scroll for Connect to TrueCommand Cloud,26.0.0-BETA.3,27.0.0-BETA.1,,,Done,12/May/26 7:49 AM,24/May/26 8:43 AM,Low,Complete,26.0.0-BETA.1,,,IX_EMPLOYEE,triage_skipped,
Bug,NAS-140978,157641,9500 TriMode drive has limited mdts of 2M but driver doesn't limit,26.0.0-BETA.3,27.0.0-BETA.1,,,Done,12/May/26 12:24 PM,13/May/26 7:02 AM,High,Complete,,,,IX_EMPLOYEE,,
Improvement,NAS-141002,157683,Cloud Sync tasks (and probably others) have the same color on 2 statuses,26.0.0-BETA.3,27.0.0-BETA.1,N/A,,Done,14/May/26 3:38 AM,24/May/26 8:42 AM,Low,Complete,SCALE-25.10.3.1 (Goldeye),,,IX_EMPLOYEE,,
Improvement,NAS-141004,157687,Add zpool.query events,26.0.0-BETA.3,27.0.0-BETA.1,,,Done,14/May/26 8:54 AM,21/May/26 10:19 AM,Medium,Complete,,,,IX_EMPLOYEE,triage_skipped,
Bug,NAS-141078,157845,Truesearch spotlight search causing NFS timeout issues,26.0.0-BETA.2,26.0.0-RC.1,27.0.0-BETA.1,N/A,Done,16/May/26 6:19 PM,17/May/26 6:02 PM,Medium,Complete,26.0.0-BETA.1,,COMMUNITY_USER,,,
Bug,NAS-141096,157905,Disks in the pool creation are not being filtered for SED Encryption,26.0.0-BETA.3,27.0.0-BETA.1,,,Done,19/May/26 6:16 AM,27/May/26 1:49 PM,Medium,Complete,,,,IX_EMPLOYEE,triage_skipped,
Improvement,NAS-141113,157929,all_sed property missing in zpool.query,26.0.0-BETA.3,27.0.0-BETA.1,27.0.0-RC.1,,Done,21/May/26 7:50 AM,29/May/26 4:21 PM,High,Complete,,,,IX_EMPLOYEE,triage_skipped,
Bug,NAS-141114,157930,stripe under topology in zpool.query,26.0.0-BETA.3,27.0.0-BETA.1,,,Done,21/May/26 8:48 AM,29/May/26 7:46 AM,High,Complete,,,,IX_EMPLOYEE,triage_skipped,
Bug,NAS-141124,157943,"""VM is suspended and can only be resumed/powered off""",26.0.0-BETA.3,27.0.0-BETA.1,,,Done,21/May/26 1:34 PM,04/Jun/26 12:03 PM,Low,Complete,SCALE-25.10.3.1 (Goldeye),,,COMMUNITY_USER,,
Bug,NAS-141144,157999,"Using console option 10, shutdown, still asks for a reason",26.0.0-BETA.3,27.0.0-BETA.1,27.0.0-RC.1,,Done,24/May/26 2:46 AM,16/Jun/26 10:39 AM,Low,Complete,SCALE-25.10.3 (Goldeye),,,COMMUNITY_USER,,
Bug,NAS-141149,158006,Custom App updates not working for authenticated Docker Registries,26.0.0-BETA.3,27.0.0-BETA.1,,,Done,24/May/26 8:55 AM,09/Jul/26 1:26 PM,Medium,Complete,SCALE-25.10.3.1 (Goldeye),,,COMMUNITY_USER,,
Defect,NAS-141154,158015,Add check_path_access primitive for batched per-credential access probes,26.0.0-BETA.3,27.0.0-BETA.1,,,Done,25/May/26 8:03 AM,15/Jun/26 10:29 AM,Medium,Complete,27.0.0-BETA.1,,,IX_EMPLOYEE,triage_skipped,
Defect,NAS-141161,158024,Switch to truenas_pyos access check function,26.0.0-BETA.3,27.0.0-BETA.1,,,Done,25/May/26 9:57 AM,15/Jun/26 10:30 AM,Medium,Complete,27.0.0-BETA.1,,,IX_EMPLOYEE,triage_skipped,
Bug,NAS-141166,158029,API: reporting.get_data does not return data in some cases,26.0.0-BETA.3,27.0.0-BETA.1,N/A,,Done,26/May/26 7:37 AM,15/Jun/26 4:04 AM,Low,Complete,,,,COMMUNITY_USER,,
New Feature,NAS-141201,158088,Spare activation for special/dedup vdevs,26.0.0-BETA.3,,,,Done,29/May/26 11:30 AM,03/Jun/26 11:32 AM,High,Complete,26.0.0-BETA.2,,,IX_EMPLOYEE,,
Bug,NAS-141208,158105,"Extraneous IPv6 default routes added for interfaces with ""Autoconfigure IPv6"" disabled",26.0.0-BETA.3,27.0.0-BETA.1,,,Done,29/May/26 11:41 PM,17/Jun/26 3:14 PM,Medium,Complete,SCALE-25.10.3.1 (Goldeye),,,COMMUNITY_USER,,
Bug,NAS-141215,158118,Middleware: Faulty parsing of smartctl output,26.0.0-BETA.3,27.0.0-BETA.1,SCALE-25.10.5 (Goldeye),,Done,31/May/26 5:46 AM,28/Jul/26 11:49 AM,High,Complete,SCALE-25.10.4 (Goldeye),,,COMMUNITY_USER,hf_want,
Bug,NAS-141221,158125,Database migration Error during update from TrueNAS-25.04.2.6 -> TrueNAS-25.10.3.1,26.0.0-BETA.3,27.0.0-BETA.1,,,Done,01/Jun/26 1:02 PM,12/Jun/26 7:48 AM,Medium,Complete,SCALE-25.10.3.1 (Goldeye),,,COMMUNITY_USER,,
Bug,NAS-141224,158129,Unable to delete certificate,26.0.0-BETA.3,27.0.0-BETA.1,,,Done,01/Jun/26 1:26 PM,15/Jun/26 3:56 AM,Medium,Complete,SCALE-25.10.3.1 (Goldeye),,,COMMUNITY_USER,,
Bug,NAS-141234,158148,Cannot select pool for containers,26.0.0-BETA.3,27.0.0-BETA.1,N/A,,Done,02/Jun/26 9:32 PM,15/Jun/26 7:02 AM,Medium,Complete,SCALE-25.10.3.1 (Goldeye),,,COMMUNITY_USER,,
Bug,NAS-141238,158186,CLI process on getty@tty1 leaks ~46GB RAM causing system-wide OOM kills,26.0.0-BETA.3,27.0.0-BETA.1,SCALE-25.10.5 (Goldeye),,Done,03/Jun/26 11:23 AM,22/Jun/26 8:15 AM,Medium,Complete,SCALE-25.10.3.1 (Goldeye),SCALE-25.10.4 (Goldeye),,COMMUNITY_USER,hf_want,
Bug,NAS-141272,158230,Warning for deprecated API keys are shown under Credentials/User instead of API Keys pane,26.0.0-BETA.3,27.0.0-BETA.1,,,Done,05/Jun/26 10:32 AM,29/Jun/26 4:55 AM,Low,Complete,26.0.0-BETA.1,,,COMMUNITY_USER,,
Improvement,NAS-141277,158237,Allow adding dedicated spares to pools with dRAID vdevs (WebUI),26.0.0-BETA.3,27.0.0-BETA.1,,,Done,05/Jun/26 2:38 PM,10/Jun/26 9:28 AM,High,Complete,,,,IX_EMPLOYEE,triage_skipped,
Bug,NAS-141286,158251,“Save” button is misnamed on “unlock datasets” page; it does not save,26.0.0-BETA.3,27.0.0-BETA.1,N/A,,Done,06/Jun/26 11:05 PM,10/Jul/26 6:08 AM,Low,Complete,SCALE-25.10.4 (Goldeye),,,COMMUNITY_USER,,
Bug,NAS-141287,158253,TrueCloud Backup: KeyError 'error.message' in restic_check_progress swallows all restic error messages; jobs can hang indefinitely,26.0.0-BETA.3,27.0.0-BETA.1,27.0.0-RC.1,SCALE-25.10.5 (Goldeye),Done,07/Jun/26 4:28 AM,28/Jun/26 8:14 PM,Medium,Complete,SCALE-25.10.4 (Goldeye),,,COMMUNITY_USER,hf_want,
Bug,NAS-141386,158393,Disable SLAAC for interface with DHCP (v4) enabled no longer works after dhcpcd migration,26.0.0-BETA.3,27.0.0-BETA.1,,,Done,14/Jun/26 1:26 AM,16/Jun/26 10:42 AM,Medium,Complete,26.0.0-BETA.1,,,COMMUNITY_USER,,
Bug,NAS-141440,158473,WS-DISCOVERY not working on 26.0.0-BETA2 ,26.0.0-BETA.3,,,,Done,17/Jun/26 4:30 PM,28/Jun/26 5:17 PM,Medium,Complete,26.0.0-BETA.1,,,COMMUNITY_USER,,
Bug,NAS-141446,158482,Failed to configure docker for Applications 26.0.0-Beta.1 and 2,"After upgrading to 26.0.-Beta.1 I started getting this error on boot or reboot.

This issue still remains with 26.0.0-Beta.2.

If I unset the pool and set it again everything works fine until the next reboot or power on.",26.0.0-RC.1,27.0.0-BETA.1,N/A,,Done,17/Jun/26 5:23 PM,20/Jul/26 5:12 AM,Medium,Complete,26.0.0-BETA.2,,,,COMMUNITY_USER,,,
Bug,NAS-141461,158532,SMB share is unavailable because it uses a locked dataset.,26.0.0-BETA.3,27.0.0-BETA.1,,,Done,18/Jun/26 3:29 PM,18/Jul/26 8:10 AM,Low,Complete,26.0.0-BETA.2,,,COMMUNITY_USER,,
Bug,NAS-141468,158542,No IPv6 connectivity in LXC after clean install of 26.0.0-BETA.2 (IPv6 forwarding disabled on host),26.0.0-BETA.3,27.0.0-BETA.1,,,Done,18/Jun/26 8:30 PM,06/Jul/26 11:33 AM,Low,Complete,26.0.0-BETA.2,,,COMMUNITY_USER,,
Bug,NAS-141469,158544,"v26 beta upgrade does not preserve working Active Directory member state, requiring a manual rejoin",26.0.0-BETA.3,27.0.0-BETA.1,Backlog,,Done,18/Jun/26 9:00 PM,30/Jun/26 3:53 PM,Low,Complete,26.0.0-BETA.2,,,COMMUNITY_USER,,
Bug,NAS-141470,158547,"In 26.0.0-BETA.2, Docker can't pull nontrivial images in *privileged* container","See my and other folks' debugging on [this forum thread|https://forums.truenas.com/t/truenas-26-beta-1-lxc-docker-real-images-fail-with-failed-to-register-layer-operation-not-permitted-dev-fuse-unavailable/65762] for all the backstory. Keeping it short here:

* Create a new LXC in TrueNAS with ID Map Type = Privileged and Capabilities Policy = Allow All.
* Install Docker in the LXC.
* Inside the LXC, update {{/etc/docker/daemon.json}} to enable IPv6 (else Docker errors out for reasons I think are unrelated to this bug) and restart Docker.
* Inside the LXC, pull an image with nontrivial layers, e.g., {{docker pull lscr.io/linuxserver/radarr:latest}}.

Notice that the pull fails. See forum thread for the various errors you can get, and some messing about with trying to switch to the {{fuse-overlayfs}} driver, which shouldn’t be needed, and fails regardless (even if {{/dev/fuse}} is manually passed through to the container).

Instead, what _does_ seem to fix the issue is [manually editing in an idmap that is basically 1:1 for all users|https://forums.truenas.com/t/truenas-26-beta-1-lxc-docker-real-images-fail-with-failed-to-register-layer-operation-not-permitted-dev-fuse-unavailable/65762/16?u=bcat]: 

{noformat}  <idmap>
    <uid start='0' target='0' count='2147483648'/>
    <gid start='0' target='0' count='2147483648'/>
  </idmap>{noformat}

TrueNAS UI won’t let you do that, but if you {{virsh edit}} it in manually, Docker seems to pull and start images just fine inside the container, and it appears that users / groups in the container are still correctly mapped 1:1 in host filesystem mounts.

I guess Docker _needs_ a nested {{userns}} for some reason. I have no idea why, nor why this doesn’t seem to be a problem for the other (more common?) LXC impls that other OSes use.

I am a little hesitant to suggest that TrueNAS’s “privileged containers” should always add such an {{idmap}}, as I don’t understand _why_ it works, but if there are no side effects, it might be a reasonable workaround. (And I suspect running Docker in LXCs is a pretty common use case, as it enables full control over networking, etc. while still allowing Docker containers to share TrueNAS filesystem mounts.)",26.0.0-RC.1,27.0.0-BETA.1,N/A,,Done,19/Jun/26 1:41 AM,27/Jul/26 11:03 AM,Medium,Complete,26.0.0-BETA.2,,,,COMMUNITY_USER,,,
Bug,NAS-141491,158570,VDEV description cosmetic bug,26.0.0-BETA.3,27.0.0-BETA.1,,,Done,19/Jun/26 6:26 AM,02/Jul/26 3:40 AM,Low,Complete,26.0.0-BETA.2,,,COMMUNITY_USER,,
Bug,NAS-141550,158674,High CPU usage due to CLI redraw if a key input is stuck,"Community Reported, original URL and text body below.

A stuck physical key or emulated virtual key through IPMI/OOB means can trigger this behavior.

The {{/usr/bin/cli --menu --pager}} process will lock a thread to 100%, causing increased CPU power consumption, thermal output, and reduce potential peak performance.

Source: [https://www.reddit.com/r/truenas/comments/1ue00w4/comment/oti04nq/|https://www.reddit.com/r/truenas/comments/1ue00w4/comment/oti04nq/] 

*You can peg your CPU Thread at 100% with a keyboard!*

{quote}Something interesting for everyone.

So my server is running on an 8/16 modern Intel CPU, which I noticed suddenly doubled in temperature. Still safe, but certainly not a measurement error.

I'm running the latest non-beta SCALE.

I noticed this issue...:

CPU pegged at 100% by /usr/bin/python3 /usr/bin/cli --menu --pager on tty1

System appeared idle but one process (cli --menu --pager) was constantly using 100% CPU and 3ish GB RAM.

This fellas Process was tied to [+getty@tty1.service+|mailto:getty@tty1.service] (local console).

Reboot/restart of getty didn’t fix it initially because the process immediately respawned (expected, but I was looking for a software loop).

Turns out, a pen was left on the keyboard tray when slid back, and the physical server keyboard had its spacebar held down.

This was generating a continuous stream of input events into the TTY session - Seems like the TrueNAS CLI was taking each keypress and continuously redrawing the interface.

I'm guessing the CLI --menu --pager interface likely performs a full redraw every input event? (since it's just expecting 1~10)

Stuck key means high event rate means tight event loop: input>redraw>input>redraw = load! Took a while to hunt this down actually.

No obvious kernel errors or hardware faults, process _looked_ like a daemon issue (clearly wasn't), restarting services didn’t help because the keyboard remained stuck.

Seems like we need to throttle this UI loop?

Whats even stranger to me, when I turned the monitor on to look, the repeat rate wasn't actually very high maybe 5 a second - Perhaps this was throttled by the fact the thread was pegged at 100%, but it shouldn't be that heavy of a task.{quote}",26.0.0-RC.1,27.0.0-BETA.1,,,Done,24/Jun/26 4:04 PM,10/Jul/26 11:49 AM,Low,Complete,SCALE-25.10.4 (Goldeye),,,,IX_EMPLOYEE,,,
Bug,NAS-141553,158677,App Docker Registries does not support private Docker registries with htpasswd auth method,26.0.0-BETA.3,27.0.0-BETA.1,,,Done,25/Jun/26 9:34 AM,01/Jul/26 11:54 AM,Medium,Complete,SCALE-25.10.4 (Goldeye),,,COMMUNITY_USER,,
Bug,NAS-141578,158726,"CPU Temp widget reads systematically high vs coretemp; error scales with load (per-core bars correct, only aggregate wrong) — i5-12400",26.0.0-BETA.3,N/A,,,Done,28/Jun/26 9:02 PM,06/Jul/26 11:33 AM,Low,Complete,SCALE-25.10.4 (Goldeye),,,COMMUNITY_USER,,
Defect,NAS-141592,158759,Convert audit parser script to use upstream library,26.0.0-BETA.3,27.0.0-BETA.1,,,Done,29/Jun/26 2:42 PM,06/Jul/26 8:41 AM,Medium,Complete,27.0.0-BETA.1,,,IX_EMPLOYEE,triage_skipped,
Bug,NAS-141604,158788,Fix Audio File searching by metadata and tags,26.0.0-BETA.3,27.0.0-BETA.1,,,Done,30/Jun/26 11:10 AM,30/Jun/26 3:05 PM,Undefined,Complete,26.0.0-BETA.2,,,IX_EMPLOYEE,triage_skipped,
Defect,NAS-141608,158798, samba: advertise only the WRITE_ACL/WRITE_OWNER that FS honors,26.0.0-BETA.3,,,,Done,30/Jun/26 11:57 AM,30/Jun/26 1:41 PM,High,Complete,26.0.0-BETA.2,SCALE-25.10.5 (Goldeye),,IX_EMPLOYEE,triage_skipped,
Bug,NAS-141609,158800,In Containers screen sort order is corrupted after update to Beta2,"In Containers screen sort order is corrupted after update to Beta2.
It was alweays automatically sorted on Name, now it is not anymore.
Additional remark: 
Sort order cannot be selected, like in Apps list. That would be even better.",26.0.0-RC.1,27.0.0-BETA.1,N/A,,Done,30/Jun/26 1:19 PM,09/Jul/26 9:51 AM,Low,Complete,26.0.0-BETA.2,,,,COMMUNITY_USER,,,
Bug,NAS-141666,158929,"Truenas 26 Beta2: after migration of LXC's and deleting .ix-virt dataset, migrated LXC's do not work anymore","Truenas 26 Beta2: after migration of LXC's (from Incas) and deleting .ix-virt dataset, migrated LXC's do not work anymore.
New LXC containers are working
Migrated LXC's are NOT in /mnt/.truenas_containers
New LXC's ARE in /mnt/.truenas_containers
You cannot delete migrated containers (after deleting .ix-virt), error message is htat they do not exist in /mnt/.truenas_containers",26.0.0-RC.1,27.0.0-BETA.1,,,Done,04/Jul/26 4:32 AM,10/Aug/26 10:54 AM,Medium,Complete,26.0.0-BETA.2,,,,COMMUNITY_USER,,,
Bug,NAS-141677,158947,Replication fixes,26.0.0-BETA.3,SCALE-25.10.5 (Goldeye),,,Done,06/Jul/26 8:54 AM,10/Jul/26 4:23 AM,High,Complete,,,,IX_EMPLOYEE,triage_skipped,
Bug,NAS-141692,158971,UPSLoadPlugin mislabels Netdata Watts chart as Percentage (regression from nut_ups.load → load_usage),"1. Steps to reproduce:
- Configure NUT (local or remote/slave mode) with a UPS exposing ups.load and ups.realpower.nominal but no direct ups.power/ups.realpower reading (e.g. CyberPower BR650ELCD via usbhid-ups).
- Confirm real load via `upsc <ups>@<host>` (e.g. ups.load: 30, ups.realpower.nominal: 390).
- Open Reporting > UPS > ""UPS Input Load.""
- Query Netdata directly to confirm chart units:
  curl -s ""http://localhost:6999/api/v1/chart?chart=upsd_local_<identifier>.load_usage"" | grep units
  -> returns ""units"":""Watts""
- Confirm a separate, correct percentage chart already exists:
  curl -s ""http://localhost:6999/api/v1/charts"" | grep -B5 '""context"":""upsd.ups_load""'
  -> upsd_local_<identifier>.load_percentage, units: ""percentage""

2. Expected Result:
""UPS Input Load"" should show load as a percentage (e.g. ~30%), matching `ups.load` from `upsc`.

3. Actual Result:
""UPS Input Load"" shows ~113-117 (Watts, calculated as load% x realpower.nominal), mislabeled with a Percentage axis. Root cause: UPSLoadPlugin in src/middlewared/middlewared/plugins/reporting/netdata/graphs.py points get_chart_name() at Netdata's `upsd_<id>.load_usage` chart (units: Watts) instead of the correctly-labeled `upsd_<id>.load_percentage` chart (units: percentage). This is a regression — 3 years ago the same class pointed at `nut_ups.load`, a genuine percentage chart, before the Netdata reporting migration changed the chart name without updating vertical_label.

Fix (tested locally, confirmed working):
Change line ~478 of graphs.py from:
    return f'upsd_{self.UPS_IDENTIFIER}.load_usage'
to:
    return f'upsd_{self.UPS_IDENTIFIER}.load_percentage'
Restarting middlewared after this change produces correct output (confirmed matching upsc: Max 30, Mean 29.1, Min 28).

Enhancement suggestion: since Netdata exposes both load_percentage and load_usage as separate charts for the same UPS, consider adding both as separate reports (e.g. ""UPS Input Load %"" and ""UPS Input Power (Watts)"") rather than only fixing the mislabeling, since absolute Watts draw is useful for capacity planning alongside relative %.",26.0.0-RC.1,27.0.0-BETA.1,N/A,,Done,07/Jul/26 7:08 AM,19/Jul/26 6:45 PM,Low,Complete,26.0.0-BETA.2,,,,COMMUNITY_USER,,,
Bug,NAS-141699,158985,Alert Emails Not RFC 5322 Compliant (gmail bounce),,26.0.0-RC.1,27.0.0-BETA.1,N/A,SCALE-25.10.5 (Goldeye),Done,07/Jul/26 6:28 PM,10/Jul/26 7:06 AM,Medium,Complete,,,,,COMMUNITY_USER,,,
Bug,NAS-141703,158991,Review and update SMB audit log event type labeling in UI,"End-users are finding the current labeling of event types in the SMB audit log confusing. The UI labels do not accurately reflect what users should look for on the remote side. Re-evaluate and improve the labeling to ensure clarity and consistency with remote logging expectations.

_Issue created in Slack from a_ [_message_|https://ixsystemsinc.slack.com/archives/C010V9TP9A5/p1783510857934049]_._",26.0.0-RC.1,27.0.0-BETA.1,,,Done,08/Jul/26 8:14 AM,10/Jul/26 7:24 AM,Low,Complete,,,,,IX_EMPLOYEE,triage_skipped,,
Bug,NAS-141712,159008,Webshare session disconnect not allowing re-login until after long timeout or restart. ,"Current Webshare on Free tier of TNC allows only a single session. On tab close or network disconnect, if the user attempts to immediately login, it doesn’t allow them due to the session limits. ",26.0.0-RC.1,27.0.0-BETA.1,,,Done,08/Jul/26 5:32 PM,08/Jul/26 10:39 PM,Medium,Complete,26.0.0-BETA.2,,,,IX_EMPLOYEE,triage_skipped,,
Bug,NAS-141713,159009,Update to latest Golang for TrueSearch,Newer Golang packages dropped with some important security fixes. Update to 1.25.12 or later. ,26.0.0-RC.1,27.0.0-BETA.1,,,Done,08/Jul/26 5:45 PM,08/Jul/26 6:24 PM,Undefined,Complete,26.0.0-BETA.2,,,,IX_EMPLOYEE,triage_skipped,,
Bug,NAS-141753,159054,storage dashboard disk health panel becomes corrupted if not all devices in the pool have SMART values,,26.0.0-RC.1,27.0.0-BETA.1,,,Done,10/Jul/26 9:44 AM,16/Aug/26 3:20 PM,Low,Complete,SCALE-25.10.4 (Goldeye),,,,COMMUNITY_USER,,,
Bug,NAS-141762,159071,NVMe-TCP service creates wrong config when using associated hosts,"I discovered this while using the Proxmox plugin. My TrueNAS NVMe-TCP subsystem is configured with associated hosts so only my servers can access it. Seemingly whenever TrueNAS adds a new namespace to the subsystem (and in some interval, at least daily it seems) TrueNAS will reinitialize the nvme kernel system.

This won’t work with a dmesg output similar to this:


{noformat}nvmet: Can't set allow_any_host when explicit hosts are set!{noformat}

Existing namespaces will still work but any new namespace will not be accessible. 

The service can be made to work again by a) allowing all hosts always or b) removing all hosts and then readding them. Both followed by a restart (b another restart in between).

The TrueNAS WebUI also _seems_ to catch this error since the “Allow all hosts” button is missing whenever it occurs despite hosts still being listed. I need to manually remove all hosts. When readding them the button appears again as normal.

When restarting TrueNAS this also prohibits the NVMe target from starting entirely yet the WebUI will display no errors, it is only discoverable through dmesg.",26.0.0-RC.1,27.0.0-BETA.1,N/A,,Done,11/Jul/26 10:13 AM,20/Aug/26 9:55 AM,Medium,Complete,26.0.0-BETA.2,,,,bug,COMMUNITY_USER,scale,
Bug,NAS-141792,159108,Dataset profile Apps overwrites user settings of Case Insensitive and Atime,"I create a new subdataset, under an existing dataset, and select profile ‘Apps’ and then go to Advanced settings.
I then set encryption to Passphrase and select Case Insensitive, leave the rest default (Atime is ON/enabled by default).
After clicking Save, I noticed that my dataset is Case Sensitive (thus it ignored by setting) and Atime is OFF.

Apps profile is not adhering to user changes
https://www.truenas.com/docs/scale/datasets/managingdatasets/#expand-1

Expect either to overwrite the profile defaults or get a warning/preventing from overwriting the default.

See also:
https://forums.truenas.com/t/enable-atime-turned-off-when-i-select-case-insensitive-with-new-dataset/66946

Session ID: e420b478-9696-4e18-9c30-1ab2cf299107",26.0.0-RC.1,27.0.0-BETA.1,N/A,,Done,15/Jul/26 3:20 PM,16/Aug/26 3:20 PM,Low,Complete,SCALE-25.10.4 (Goldeye),,,,COMMUNITY_USER,,,
Bug,NAS-141804,159124,'NoneType' object has no attribute 'replace' when trying to replace an unavailable disk,"Trying to replace a disk that is unavailable. But instead I'm met with 'NoneType' object has no attribute 'replace'
",26.0.0-RC.1,27.0.0-BETA.1,,,Done,16/Jul/26 6:18 AM,04/Aug/26 4:55 PM,High,Complete,26.0.0-BETA.2,,,,COMMUNITY_USER,,,
Bug,NAS-141825,159154,VM ISO on TN 26 Beta 2 ends up 0 size,"Create a new VM, Linux, in TrueNAS 26 Beta.2

Choose to upload new installation media and choose Debian ISO

Watch upload go through its paces, close out dialog

Verify file size on shell: It's 0 bytes

The same thing with an Ubuntu ISO worked as far as I can tell.",26.0.0-RC.1,27.0.0-BETA.1,N/A,,Done,18/Jul/26 1:53 AM,28/Jul/26 7:45 AM,Medium,Complete,26.0.0-BETA.2,,,,COMMUNITY_USER,,,
Bug,NAS-141831,159170,Dataset ACL traverse check is too strict,Change ACL traverse check from an error to a warning,26.0.0-RC.1,27.0.0-BETA.1,N/A,,Done,18/Jul/26 6:39 PM,16/Aug/26 3:21 PM,Low,Complete,26.0.0-BETA.2,,,,COMMUNITY_USER,,,
Bug,NAS-141845,159187,"mail.send omits Cc recipients from the SMTP envelope, so Cc addresses never receive the email","{{mail.send}} adds Cc addresses only as a {{Cc:}} header, but the SMTP envelope ({{RCPT TO}}) is built from the To recipients alone. SMTP delivery is driven by the envelope, not the headers, so Cc recipients never receive the message when sending through an SMTP server.

On master ({{src/middlewared/middlewared/plugins/mail/send.py}}):

{code:python}msg[""To""] = "", "".join(to)
if message.get(""cc""):
    msg[""Cc""] = "", "".join(message[""cc""])
...
server.sendmail(
    msg[""From""],
    msg[""To""].split("", ""),   # only To -- Cc is never in RCPT TO
    msg.as_string(),
){code}

Scope:

* SMTP path only. The Gmail OAuth path ({{mail.gmail_send}}) submits the raw message to the Gmail API, which parses To/Cc from the headers and delivers to both, so Cc works there. The inconsistency between the two paths is itself a smell.
* Present on both master and stable/26 (in the pre-refactor {{src/middlewared/middlewared/plugins/mail.py}}: {{server.sendmail(from_addr, to, msg.as_string())}}, where {{to}} is the To list only). Long-standing -- the recent master refactor ([NAS-141132|https://ixsystems.atlassian.net/browse/NAS-141132]) preserved the behavior verbatim, so this is not a regression.
* No {{bcc}} field exists in the mail API model, so only Cc is affected.
* No internal caller passes {{cc}} (alerts, cron, and failover all send to To only); impact is limited to external/UI/script callers using an SMTP (non-Gmail) server.

Fix: include the Cc addresses in the recipient list passed to {{server.sendmail}} (and mirror the fix in the stable/26 code path).

Found while reviewing [#19345|https://github.com/truenas/middleware/pull/19345].",26.0.0-RC.1,,,,Done,20/Jul/26 11:22 AM,22/Jul/26 10:06 AM,Medium,Complete,26.0.0-BETA.3,,,,IX_EMPLOYEE,triage_skipped,,
Bug,NAS-141948,159378,Cloud backup killing middlewared event loop,26.0.0-BETA.3,26.0.0-RC.1,27.0.0-BETA.1,,Done,25/Jul/26 8:21 AM,02/Aug/26 5:44 AM,High,Complete,26.0.0-BETA.1,,,COMMUNITY_USER,,
Bug,NAS-141949,159380,"Audit log ""time"" field for svc=SYSTEM events is wrong (ignores system timezone, fixed ~7h offset)",26.0.0-BETA.3,26.0.0-RC.1,27.0.0-BETA.1,,Done,25/Jul/26 11:54 AM,29/Jul/26 2:47 PM,Medium,Complete,SCALE-25.10.4 (Goldeye),,,COMMUNITY_USER,,
Bug,NAS-141951,159384,"After updating to version 25.10.5, I see these errors in /var/log/middlewared.log",26.0.0-BETA.3,26.0.0-RC.1,27.0.0-BETA.1,SCALE-25.10.6 (Goldeye),Done,25/Jul/26 8:59 PM,28/Jul/26 2:31 PM,High,Complete,SCALE-25.10.5 (Goldeye),,,COMMUNITY_USER,hf_want,
Defect,NAS-141988,159468,Move remote disk retaste call in failover event,26.0.0-BETA.3,26.0.0-RC.1,27.0.0-BETA.1,SCALE-25.10.6 (Goldeye),Done,28/Jul/26 1:19 PM,11/Aug/26 2:24 PM,High,Complete,27.0.0-BETA.1,,,IX_EMPLOYEE,triage_skipped,
Bug,NAS-142006,159490,Existing App keeps invalid NVIDIA GPU UUID after GPU replacement (TrueNAS SCALE 25.10.4),"Hello,

I believe I found a bug related to NVIDIA GPU assignment in TrueNAS SCALE 25.10.4.

Background

My system was originally using an NVIDIA RTX 3080.

I later replaced it with an NVIDIA RTX 3060 Ti.

The NVIDIA driver was reinstalled correctly, and the new GPU is detected without any issues.

The following commands report the correct GPU UUID:

nvidia-smi -L
midclt call app.gpu_choices

Both report:

GPU-899dd4a1-ac45-57c5-019a-08b06c7172d3
Problem

An existing Plex application (plex2) worked before the GPU replacement.

After replacing the GPU, enabling GPU acceleration from the Apps UI causes the container to fail during startup with:

failed to create shim task:
failed to get device handle from UUID:
Not Found

Inspecting the application configuration shows that it still contains a different GPU UUID:

""resources"": {
  ""gpus"": {
    ""nvidia_gpu_selection"": {
      ""0000:02:00.0"": {
        ""use_gpu"": true,
        ""uuid"": ""GPU-00ef4f92-c70a-446a-8248-d61c7fac9f07""
      }
    }
  }
}

That UUID does not exist anymore.

Docker receives this stale UUID through DeviceRequests and NVIDIA_VISIBLE_DEVICES, causing container creation to fail.

Additional observations
Docker GPU support works correctly.
docker run --gpus all ... nvidia-smi works correctly.
The middleware correctly detects the current GPU and its UUID.
Creating a new Plex application (plex3) and assigning the same GPU works perfectly.

This suggests that existing application configurations may retain an obsolete GPU UUID after a GPU replacement, and editing the application from the UI does not refresh it with the current UUID.

Expected behavior

When an existing application is edited and an NVIDIA GPU is selected, the stored GPU UUID should be updated to match the current UUID reported by app.gpu_choices.

I hope this information helps identify the issue.

Thank you.

Session ID: 5851e5db-6fce-49fa-b07e-8f880bc055dd",26.0.0-RC.1,27.0.0-BETA.1,,,Done,29/Jul/26 5:22 PM,22/Aug/26 5:43 PM,Low,Complete,SCALE-25.10.4 (Goldeye),,,,COMMUNITY_USER,hf_want,ready_for_assignment,
Defect,NAS-142014,159502,qla2x00t-32gbit: NULL-check ha->tgt.tgt_ops in IRQ-reachable paths,26.0.0-BETA.3,26.0.0-RC.1,27.0.0-BETA.1,SCALE-25.10.6 (Goldeye),Done,30/Jul/26 12:16 PM,11/Aug/26 2:26 PM,Blocker,Complete,Master - TrueNAS SCALE,,,IX_EMPLOYEE,triage_skipped,
Defect,NAS-142018,159506,qla2x00t-32gbit: Fail target enable if qlt_lport_register() fails,26.0.0-BETA.3,26.0.0-RC.1,27.0.0-BETA.1,SCALE-25.10.6 (Goldeye),Done,30/Jul/26 3:02 PM,11/Aug/26 2:26 PM,Blocker,Complete,SCALE-25.10.5 (Goldeye),,,IX_EMPLOYEE,triage_skipped,
Defect,NAS-142057,159556,Allow ALUA toggle when standby is unreachable,"27.0.0-BETA.1 PR: https://github.com/truenas/middleware/pull/19478

CI shows no regressions: [here|http://jenkins-eng-ci.cmb1.ixsystems.net:8080/job/master/job/sharing_protocols_tests/68/].",26.0.0-RC.1,27.0.0-BETA.1,27.0.0-RC.1,SCALE-25.10.6 (Goldeye),Done,04/Aug/26 9:06 AM,11/Aug/26 2:27 PM,High,Complete,27.0.0-BETA.1,,,,IX_EMPLOYEE,triage_skipped,,
Improvement,NAS-142088,159593,Update Containers UI for middleware container.* API changes (container.delete is now a job with force/recursive options),"h2. Background

The middleware {{container.*}} API has moved on since the WebUI last synced against it (early May 2026). Below are the behavioural changes we made on the middleware side that the UI needs to adapt to. How the UI adapts — where a progress dialog goes, where an extra checkbox lives — is entirely up to the WebUI team.

Unless a point says otherwise, every change below is in *both master (27.0) and stable/26 (26.0.0-RC.1)*, so the UI needs to handle it for the 26.0 release, not just for 27.

h2. 1. {{container.delete}} is now a job

{{container.delete}} is a long-running job (per-container-id lock). It stops the container when asked to, tears down the libvirt domain, and destroys the container's ZFS dataset before it returns — so it can take a meaningful amount of time.

Because the UI negotiates {{legacy_jobs: false}} on connect, calling it as a plain method still returns the real result and still surfaces the real error, so nothing is silently broken today. What is lost is everything the job gives you: progress, job logs, the ability to leave the dialog, and the entry in the Jobs list.

{quote}*stable/26:* applies there too.{quote}

h2. 2. {{container.delete}} takes a second {{options}} argument

Signature is now {{container.delete(id, options)}}. {{options}} is optional and both members default to {{false}}:

* {{force}} — the container is stopped first if it is not already stopped. Without it, deleting a running or suspended container is now refused up front; previously it just went ahead and tore the container down.
* {{recursive}} — the container's dataset is destroyed together with its child datasets and snapshots, any clones of those snapshots wherever in the pool they live, and any holds on them. Releasing a hold can break a replication task that depends on it. Nothing destroyed this way is recoverable. Without it, deleting a container whose dataset has children or snapshots is refused.

Both refusals happen before anything is touched, so the container is left exactly as it was.

The {{recursive}} case is the one that actually needs UI work. Container datasets are not excluded from periodic snapshot tasks, so a pool-root recursive snapshot task is enough to make a container permanently undeletable from the UI, since there is currently no way to send the option. The {{force}} case has an obvious workaround (stop, then delete), but it is worth offering directly.

{quote}*stable/26:* applies there too, with the same option names and the same two refusals.{quote}

h2. 3. {{status.state}} can be {{SUSPENDED}}

{{ContainerEntry.status.state}} is one of {{RUNNING}}, {{STOPPED}}, {{SUSPENDED}}. It was {{RUNNING}} / {{STOPPED}} before.

Anywhere the UI treats ""not RUNNING"" as ""stopped"" is now wrong. Middleware treats anything other than {{STOPPED}} as active: renaming a suspended container is refused (that guard previously applied only to {{RUNNING}}), deleting one without {{force}} is refused, and its device operations are refused.

Sizing note: middleware exposes no suspend/resume endpoint, so a container only reaches {{SUSPENDED}} out of band — a libvirt I/O-error pause, or {{virsh suspend}}. It is a real state the API can return and the UI should not fall over on it, but it is not a common path.

{quote}*stable/26:* applies there too.{quote}

h2. 4. NIC MAC addresses are colon-separated only

Custom MACs on NIC devices are now validated as colon-separated only. Dash-separated ({{10-66-6A-1F-F1-B1}}), no-separator, mixed-separator and Cisco dotted ({{1066.6a1f.f1b1}}) forms are rejected; they were accepted before. libvirt only ever parsed the colon form, so the permissive values saved fine and then failed at container start — hence the tightening. Existing rows were normalized by a migration.

This applies to *both container and VM NIC devices*, so the VM device form needs the same treatment.

{quote}*stable/26:* applies there too.{quote}",26.0.0-RC.1,27.0.0-BETA.1,,,Done,06/Aug/26 6:06 AM,03/Sep/26 2:23 PM,High,Complete,,,,,IX_EMPLOYEE,triage_skipped,,
Bug,NAS-142117,159632,[EFAULT] Failed to apply ACLs to the following paths: 1) /mnt/.ix-apps/app_mounts//state: [EPERM] /mnt/.ix-apps/app_mounts//state:,"[EFAULT] Failed to apply ACLs to the following paths: 1) /mnt/.ix-apps/app_mounts//state: [EPERM] /mnt/.ix-apps/app_mounts//state: path contains existing data and force was not specified

The force option is not available to select.
This app is already running, This is during edit, when trying to add acl after its created, Seems like all the apps have this issue after they are set up If you didn’t add acl, the force is missing and you get this error, without being able to save the adjusted settings.

Dev version 26.0.0-MASTER+20260807-020148",26.0.0-RC.1,27.0.0-BETA.1,N/A,,Done,07/Aug/26 8:44 PM,01/Sep/26 7:14 AM,Medium,Complete,Master - TrueNAS Nightlies,,,,COMMUNITY_USER,,,
Defect,NAS-142126,159664,Make target unregistration safe against queued sysfs works,"None PR: https://github.com/truenas/scst/pull/116

Writing a target's ""enabled"" sysfs attribute queues a work item and waits for it at most 15 seconds. On timeout the write returns -EAGAIN but the work stays queued and executes whenever a sysfs thread gets to it, potentially long after scst_unregister_target() has started for that target. Removing the sysfs attributes there only stops new writes, not already queued works. The work's kobject reference keeps the scst_tgt memory alive while the driver side is torn down underneath it, and the target leaves its template's tgt_list only after release() returns, so a queued work had nothing to check either.

On a production FC system this executed a stale enable_target() work about 24 seconds into target teardown while the target driver module was unloading. The re-armed, half torn down port then took an ELS in hard IRQ context with ha->tgt.tgt_ops already cleared and panicked (see the earlier qla2x00t-32gbit commits that NULL check ha->tgt.tgt_ops in IRQ reachable paths and fail target enable when qlt_lport_register() fails for the driver side hardening).

Close the window in the core, following the existing tgtt_active_sysfs_works_count pattern of
scst_unregister_target_template()

* A new tgt_unregistering flag and tgt_active_sysfs_works_count are added to struct scst_tgt, both protected by scst_mutex. scst_unregister_target() sets the flag and drains the count before removing the sysfs attributes and calling release().
* New helpers scst_check_grab_tgt_ptr() and scst_ungrab_tgt_ptr(), matching the existing tgtt and devt helper pairs, gate every queued work that can call into the target driver. That covers the enable/disable work and also the rel_tgt_id work, which calls is_target_enabled().
* The cpu_mask work bails out on the flag before calling report_aen(). It runs entirely under scst_mutex, so the flag check alone is race free there.
* __scst_is_relative_target_port_id_unique() skips targets that have started unregistering, since they stay on tgt_list after release() has freed the driver's per target data and must not receive is_target_enabled() calls.
* The failure path of scst_register_target() applies the same guard. It previously freed the target, embedded kobject included, while works could still be queued holding kobject references. It now sets the flag, drains the count and waits for all kobject references to be dropped before the free.
* The three copies of the unlock, msleep, relock drain loop (template, target, device handler) become one helper, scst_wait_no_sysfs_works(), which warns every 10 seconds about what it is still waiting for instead of hanging silently when a driver callback gets stuck.
* A legitimate disable racing unregistration now returns success instead of -ENOENT, since teardown disables the target anyway. A stale enable is still refused.
* The old qla2x00t driver called scst_unregister_target() with tgt_host_action_mutex held, while its enable_target() callback takes the same mutex, which the new drain would turn into an ABBA deadlock. REMOVE_TARGET now drops the mutex across the unregistration and q2t_target_release() acquires it itself for the teardown. The sBUG_ON in q2t_add_target() becomes a graceful -EEXIST, since a racing add can now legitimately see the old target still present.

The drain waits only for works already executing a driver callback. Still queued works keep the count at zero and become no-ops when they run, so a caller executing on a sysfs work thread (a del_target management work for example) cannot deadlock against a queued enable work. No scst_unregister_target() caller holds scst_mutex.",26.0.0-RC.1,27.0.0-BETA.1,SCALE-25.10.7 (Goldeye),,Done,10/Aug/26 9:43 AM,31/Aug/26 3:28 PM,High,Complete,Master - TrueNAS SCALE,,,,IX_EMPLOYEE,triage_skipped,,
Bug,NAS-142148,159713,Webshare can't share link with Chinese file name and Chinese file path,Webshare can't generate share link with Chinese file name and Chinese file path. ,26.0.0-RC.1,27.0.0-BETA.1,N/A,,Done,12/Aug/26 4:10 AM,12/Aug/26 2:39 PM,Undefined,Complete,26.0.0-BETA.2,,,,COMMUNITY_USER,,,
Defect,NAS-142152,159723,Tolerate transient NTB blips before calling dlm.reset_active,"27.0.0-BETA.1 PR: https://github.com/truenas/middleware/pull/19495

remote_down now polls the DLM port for up to 60 seconds before ejecting the peer, so short NTB packet loss events don't trigger a spurious reset_active

Also raise scan_secs from the default 5 to 30 so the kernel DLM itself doesn't start FORCEUNLOCK recovery during ~20s NTB blips.",26.0.0-RC.1,27.0.0-BETA.1,SCALE-25.10.7 (Goldeye),,Done,12/Aug/26 2:28 PM,31/Aug/26 3:29 PM,High,Complete,27.0.0-BETA.1,,,,IX_EMPLOYEE,triage_skipped,,
Defect,NAS-142161,159741,isert-scst fix NULL deref in isert_pdu_err on connection teardown,"None PR: https://github.com/truenas/scst/pull/120

A buggy initiator rapidly connecting and disconnecting over iSER can panic the target. isert_send_data_rsp posts SCSI data and status responses directly, bypassing iscsi_get_send_cmnd, so a posted response never gets write_processing_started set. When the connection is torn down mid I/O, req_cmnd_release_force therefore treats the posted response as never sent and drops its only reference, the same reference the send completion handler drops again once the flushed WR error CQE is reaped. The first put recycles the PDU back into the tx pool, which memsets the embedded iscsi_cmnd, and the stale completion then dereferences the zeroed conn pointer in isert_pdu_err.

{code:language=none}

BUG kernel NULL pointer dereference, address 0000000000000008 Workqueue isert_cq_000000008e39f804 isert_cq_comp_work_cb [isert_scst] RIP isert_pdu_err+0xd/0x40 [isert_scst]
Call Trace
 isert_poll_cq+0x1f6/0x390 [isert_scst]
 isert_cq_comp_work_cb+0x1d/0x50 [isert_scst]
 process_one_work+0x194/0x350
 worker_thread+0x1a1/0x310
 kthread+0xfc/0x240
 ret_from_fork+0x22e/0x260
 ret_from_fork_asm+0x1a/0x30
{code}

Fix the ownership at the root. Mark responses posted by isert_send_data_rsp with write_processing_started under write_list_lock so teardown leaves wire owned responses to their completion handler, and release the wire references at the failure site when posting fails since no completion will ever arrive. Add the same failure handling to isert_process_all_writes. As defense in depth, keep recycled tx pool PDUs pointing at their connection, matching the rx recycle path, and bail out of isert_pdu_err when conn is NULL.",26.0.0-RC.1,SCALE-25.10.7 (Goldeye),,,Done,13/Aug/26 9:49 AM,31/Aug/26 3:32 PM,High,Complete,26.0.0-BETA.3,Master - TrueNAS SCALE,,,IX_EMPLOYEE,triage_skipped,,
Bug,NAS-142168,159752,Usage space indicator,"With a usage of 83.9% in a vdev, the indicator is:
 'ok' in green in the ""dashboard"" tab
 '!' in orange in the ""Storage dashboard"" tab with a red circular  gauge

So for the same usage of 83.9% you have normal and warning and critical depending on where you read the information, that's a bit confusing.

Session ID: 69e2b655-1d4e-4393-a413-975750d0bfbe",26.0.0-RC.1,27.0.0-BETA.1,,,Done,14/Aug/26 5:54 AM,03/Sep/26 2:19 PM,Low,Complete,SCALE-25.10.6 (Goldeye),,,,COMMUNITY_USER,doc_resolved,release_notes_mention,tests_impact
Bug,NAS-142191,159797,App upgrade job reports SUCCESS when the image pull fails (custom apps),"Clicking Update on a custom app whose ""docker compose pull"" fails produces a job
that finishes in about a second with state SUCCESS and progress ""App successfully
upgraded and redeployed"". Nothing was pulled and nothing was redeployed. The only
visible symptom is the update badge coming straight back a moment later.

The failure is real and it is logged, but only to /var/log/app_lifecycle.log. It
never reaches the UI or core.get_jobs.

CAUSE

src/middlewared/middlewared/plugins/apps/upgrade.py, in upgrade_impl() on master
(the same block is in AppService.upgrade() on 25.10.6):

    try:
        pull_images_internal(context, app_name, app, AppPullImages(redeploy=True), ...)
    finally:
        app = context.call_sync2(context.s.app.get_instance, app_name)
        if app.upgrade_available is False or app.custom_app:
            context.middleware.send_event('app.query', 'CHANGED', id=app_name, fields=app.model_dump())
            job.set_progress(100, 'App successfully upgraded and redeployed')
            return app

A return inside finally discards whatever exception is in flight. For a custom app
the ""or app.custom_app"" term makes that branch unconditional, so the CallError
raised by compose_action() is always swallowed and the job gets marked SUCCESS.

Refreshing the app state there is reasonable and worth keeping. It's only the
return that's the problem.

WHY IT MATTERS BEYOND THE WRONG STATUS

Both steps that follow the pull in pull_images_internal() get skipped when it
raises:

  - the clear_update_flag_for_tag loop, so the update flag stays set
  - app.redeploy, so nothing is recreated

The app is left untouched, the alert stays, and the job claims it worked. Retrying
just repeats it.

STEPS TO REPRODUCE

1. Create a custom app with two services: one referencing a locally built image
   tag that doesn't exist in any registry, one a normal registry image.
2. Wait until the registry image has an update so the Update button lights up.
3. Click Update.

Result: the job goes SUCCESS in about a second, the badge reappears, and the error
is in app_lifecycle.log only.

Real example from my system. ""authentik"" is a custom app with a locally built
authentik-plexfix image alongside stock postgres and redis:

    [2026/08/02 19:47:10] (ERROR) app_lifecycle.compose_action():58 - Failed 'pull'
    action for 'authentik' app:  worker Skipped - Image is already being pulled by
    server \n postgres Pulling \n server Pulling \n redis Pulling \n postgres Pulled
    \n server Error pull access denied for authentik-plexfix, repository does not
    exist or may require 'docker login': denied: requested access to the resource is
    denied\n redis  Interrupted\nError response from daemon: pull access denied for
    authentik-plexfix, repository does not exist or may require 'docker login':
    denied: requested access to the resource is denied\n

Three upgrade attempts that day all recorded SUCCESS.

Worth noting ""redis  Interrupted"" in that output. compose_action() runs
""docker compose pull --policy always"" across the whole project, so one unpullable
image aborts the pulls for the other services. That's what makes this easy to hit
on any custom app mixing a local build with registry images, and pull_policy: never
or adding a build: section don't help because --policy always overrides both. I'm
not asking for that behaviour to change here, just explaining how the pull ends up
failing.

EXPECTED

The job fails with the CallError from compose_action() so the error surfaces in
the UI.

SCOPE

Only app.upgrade runs the pull action. app.update and app.redeploy call
compose up --force-recreate without pull_images=True, so they aren't affected.
Catalog apps take the non-custom path and aren't affected either.

FIX

PR against master: https://github.com/truenas/middleware/pull/19506

Session ID: 3889aff3-25c1-4b33-88ed-b71b1f6fc1e4",26.0.0-RC.1,27.0.0-BETA.1,,,Done,16/Aug/26 3:04 AM,22/Aug/26 5:37 PM,Medium,Complete,SCALE-25.10.6 (Goldeye),,,,COMMUNITY_USER,,,
Bug,NAS-142198,159806,Alert bug: Scrub for pool 'pool' is paused for more than 8 hours,"Pause scrubbing for few minutes, then the alerts tells me the scrub task is paused for more then 8 hours.",26.0.0-RC.1,27.0.0-BETA.1,,,Done,16/Aug/26 9:40 AM,18/Aug/26 3:09 PM,Low,Complete,SCALE-25.10.6 (Goldeye),,,,COMMUNITY_USER,,,
Bug,NAS-142222,159841,Complex audit log search terms are not stacking correctly,"Searching SMB ausit logs for `""Event != ""Authentication"" AND Event != ""Close""` and Authentication events are still showing in the list. See screenshop.

Session ID: 3df1a023-0d9c-4705-a8eb-f083993ec11a",26.0.0-RC.1,27.0.0-BETA.1,N/A,,Done,17/Aug/26 10:17 AM,03/Sep/26 2:22 PM,Medium,Complete,SCALE-25.10.6 (Goldeye),,,,IX_EMPLOYEE,,,
Defect,NAS-142227,159852,Drop kernel address refresh re-announcements in netlink monitor,"27.0.0-BETA.1 PR: https://github.com/truenas/middleware/pull/19510

The kernel re-emits RTM_NEWADDR every time a router advertisement refreshes an address lifetime. Each refresh became an ipaddress.change event that restarted ix-vendor.service, every few seconds behind routers with aggressive RA timers.

IFA_CACHEINFO carries creation and update timestamps that are equal only for a brand new address, so refreshes are dropped at parse time with no state tracking needed. Messages without cacheinfo pass through and RTM_DELADDR is never filtered.

Restarts now allow a single waiter on the lock instead of silently skipping, so the latest address state is always applied without piling up. Verified against a live kernel on real hardware.

This was pointed out in https://ixsystems.atlassian.net/browse/NAS-141358 and a fix was proposed in https://github.com/truenas/middleware/pull/19401. This fix supersedes that one.",26.0.0-RC.1,27.0.0-BETA.1,SCALE-25.10.7 (Goldeye),,Done,17/Aug/26 12:25 PM,31/Aug/26 3:33 PM,Medium,Complete,27.0.0-BETA.1,,,,IX_EMPLOYEE,triage_skipped,,
Defect,NAS-142228,159853,sunrpc: treat empty auth.unix.gid replies as negative entries,"27.0.0-BETA.1 PR: https://github.com/truenas/linux/pull/337

An *AD*/*winbind* customer reported intermittent per-user ""*permission denied*"" on NFS shares ([SEE-597|https://ixsystemsinc.atlassian.net/browse/SEE-597]). On a server running {{rpc.mountd --manage-gids}}, standard for AD and LDAP environments, a brief winbind or sssd outage makes mountd answer the group lookup with zero groups, and the kernel caches that as a valid answer: the uid loses all supplementary groups on every export for up to mountd's TTL (30 minutes by default), long after the directory service recovers. Only supplementary-group access breaks, so it presents as a random denial that fixes itself. The bug is 19 years old, present since the {{auth.unix.gid}} cache was added in v2.6.21 (2007) and triggerable since mountd started sending zero-group failure replies in 2008, so every kernel we ship is affected.

Applied upstream to the [nfsd-testing branch|https://git.kernel.org/pub/scm/linux/kernel/git/cel/linux.git/log/?h=nfsd-testing] of the NFSD maintainer tree (cel/linux) as commit [e865ae5|https://git.kernel.org/pub/scm/linux/kernel/git/cel/linux.git/commit/?h=nfsd-testing&id=e865ae50d85a5585eb29cd67dfb0f776da1aa0c9]. It carries Fixes: and Cc: stable, so it will be backported to the affected stable series (including v6.12 and v6.18) automatically once it reaches mainline.

Upstream commit message, as applied:
{code:language=none}

sunrpc: treat empty auth.unix.gid replies as negative entries
When rpc.mountd cannot resolve a uid (getpwuid() or getgrouplist()
failure, e.g. while winbind or sssd is briefly unreachable), it
answers the auth.unix.gid upcall with zero groups. unix_gid_parse()
installs that as a valid positive entry, and svcauth_unix_set_client()
then replaces the credential's group list with the empty one on
every request, RPCSEC_GSS included via svcauth_gss_set_client().
One failed lookup strips that uid of all supplementary groups on
every export for up to mountd's configured TTL (30 minutes by
default), long after the NSS backend has recovered.

mountd cannot send an empty list for a successful lookup, since
getgrouplist(3) always includes at least the user's primary group,
so a zero-group reply can only mean the lookup failed. Record it as
a negative entry: unix_gid_find() then returns -ENOENT and
svcauth_unix_set_client() keeps the groups the RPC credential
already carries. This is the fallback that
commit 3fc605a2aa38 (""[PATCH] knfsd: allow the server to provide a
gid list when using AUTH_UNIX authentication"") promised when no
answer is available, and the same state try_to_negate_entry()
already creates when no listener holds the channel open.

Fixes: [3fc605a2aa38](https://git.kernel.org/pub/scm/linux/kernel/git/cel/linux.git/commit/?id=3fc605a2aa38) (""[PATCH] knfsd: allow the server to provide a gid list when using AUTH_UNIX authentication"")
Cc: stable@vger.kernel.org
Assisted-by: Claude:claude-fable-5
Signed-off-by: Ameer Hamza <ameer.hamza@truenas.com>
Link: https://patch.msgid.link/20260814221953.108837-2-ameer.hamza@truenas.com
Signed-off-by: Chuck Lever <cel@kernel.org>
{code}",26.0.0-RC.1,27.0.0-BETA.1,SCALE-25.10.7 (Goldeye),,Done,17/Aug/26 12:43 PM,31/Aug/26 3:33 PM,High,Complete,27.0.0-BETA.1,,,,IX_EMPLOYEE,triage_skipped,,
Defect,NAS-142234,159859,Use `configparser` to generate rclone configs,"27.0.0-BETA.1 PR: https://github.com/truenas/middleware/pull/19514

This prevents us from generating invalid ini files by escaping invalid characters.",26.0.0-RC.1,27.0.0-BETA.1,SCALE-25.10.7 (Goldeye),,Done,17/Aug/26 2:34 PM,31/Aug/26 3:33 PM,Medium,Complete,27.0.0-BETA.1,,,,IX_EMPLOYEE,triage_skipped,,
Defect,NAS-142258,159898,scst keep the old acg installed during session reassignment,"None PR: https://github.com/truenas/scst/pull/123

scst_check_reassign_sess() cleared sess->acg for the whole time it rebuilt the session's tgt_dev list. That window includes one synchronize_rcu() call per replaced or deleted LUN and the session stays fully visible to its initiator throughout. Activity suspension does not close the window. scst_post_rx_mgmt_cmd() queues a newly received task management command to the active list unconditionally, the TM thread picks it up immediately, and the first statement of scst_mgmt_cmd_init() dereferences mcmd->sess->acg before the scst_get_mcmd() suspension check runs. An ABORT_TASK arriving while its own session was mid reassignment therefore crashed the TM thread with a NULL pointer dereference at offset 0x464, which is acg_black_hole_type. Every task management function is affected because the dereference precedes the switch on the function code.

Fix this by leaving the old acg pointer installed until the existing single assignment of the new acg near the end of the function. The session holds a reference on the old acg until scst_put_acg() runs and scst_mutex is held across the whole window, so the pointer stays valid. An audit found no code that depends on sess->acg being NULL during reassignment. The one helper that runs inside the window, scst_alloc_add_tgt_dev(), has used acg_dev->acg instead since upstream commit e7179af46 fixed the same class of crash in 2014. Lockless readers now see the coherent old group instead of NULL, which is already how acg_black_hole_type changes are observed. This also covers the same latent dereferences in iscsi-scst session creation and in the copy manager. Upstream SCST still has this bug and it is reported there as issue 367.

The sanitized oops and the kernel log leading up to it follow. Initiator and target names were replaced and everything else is verbatim. The final reassignment line and the fatal ABORT_TASK are for the same session.

<6>[298607.455265] [11305]: iscsi-scst: iSCSI TM fn 1 <6>[298607.455291] [11305]: scst: TM fn ABORT_TASK/0 (mcmd 00000000998fe93d, initiator iqn.1998-01.com.vmware:esx1:648341046:64#192.168.190.211, target iqn.2005-12.org.freenas.ctl:truenas:target1) <1>[298607.455315] BUG: kernel NULL pointer dereference, address: 0000000000000464 <1>[298607.455763] #PF: supervisor read access in kernel mode <1>[298607.456118] #PF: error_code(0x0000) - not-present page <6>[298607.456470] PGD 61812f9067 P4D 61812f9067 PUD 611e1f1067 PMD 0 <4>[298607.456836] Oops: Oops: 0000 [#1] PREEMPT SMP NOPTI
<4>[298607.457202] CPU: 32 UID: 0 PID: 11238 Comm: scsi_tm Tainted: P           OE      6.12.91-production+truenas #1
<4>[298607.457615] Tainted: [P]=PROPRIETARY_MODULE, [O]=OOT_MODULE, [E]=UNSIGNED_MODULE
<4>[298607.458011] Hardware name: iXsystems TRUENAS-F60-HA/TRUENAS-F60-HA, BIOS MWH3LJ-15.09.00b 05/16/2023
<4>[298607.458417] RIP: 0010:scst_tm_thread+0x11f/0x17a0 [scst]
<4>[298607.458880] Code: 89 46 08 e8 33 7e 05 e3 41 8b 46 1c 83 f8 03 74 60 0f 8f 69 01 00 00 85 c0 0f 85 1a 01 00 00 49 8b 5e 10 48 8b 83 e8 02 00 00 <8b> 80 64 04 00 00 83 e8 02 83 e0 fd 0f 84 9d 0d 00 00 41 8b 46 20
<4>[298607.459828] RSP: 0018:ffffcec7cf7f3e28 EFLAGS: 00010246
<4>[298607.460287] RAX: 0000000000000000 RBX: ffff8dc43b0ec600 RCX: ffffffffc22877f8
<4>[298607.460753] RDX: ffffffffc2287820 RSI: 0000000000000083 RDI: ffffffffc2287830
<4>[298607.461222] RBP: ffffcec7cf7f3e50 R08: ffffffffc22877f8 R09: 0000000000000001
<4>[298607.461700] R10: 0000000000000001 R11: 0000000000000000 R12: ffffcec8466ef7d8
<4>[298607.462215] R13: ffff8df783d7da00 R14: ffff8e169ba98bd0 R15: ffffffffc207bde0
<4>[298607.462715] FS:  0000000000000000(0000) GS:ffff8dd5ef800000(0000) knlGS:0000000000000000
<4>[298607.463241] CS:  0010 DS: 0000 ES: 0000 CR0: 0000000080050033
<4>[298607.463778] CR2: 0000000000000464 CR3: 0000006181cdc004 CR4: 0000000000f70ef0
<4>[298607.464300] PKRU: 55555554
<4>[298607.464818] Call Trace:
<4>[298607.465342]  <TASK>
<4>[298607.465861]  ? srso_alias_return_thunk+0x5/0xfbef5
<4>[298607.466387]  ? finish_task_switch.isra.0+0x88/0x2d0
<4>[298607.466934]  ? __pfx_autoremove_wake_function+0x10/0x10
<4>[298607.467491]  ? __pfx_scst_tm_thread+0x10/0x10 [scst]
<4>[298607.468072]  kthread+0xd2/0x100
<4>[298607.468614]  ? __pfx_kthread+0x10/0x10
<4>[298607.469157]  ret_from_fork+0x34/0x50
<4>[298607.469731]  ? __pfx_kthread+0x10/0x10
<4>[298607.470276]  ret_from_fork_asm+0x1a/0x30
<4>[298607.470939]  </TASK>

Aug 10 20:27:25 truenas kernel: [11170]: scst: sess 00000000c4f34df8 (initiator iqn.1998-01.com.vmware:esx3:271329254:64#192.168.190.211) will be reassigned from acg security_group to acg iqn.2005-12.org.freenas.ctl:truenas:target1
Aug 10 20:27:26 truenas kernel: [11170]: scst: sess 000000009b2602df (initiator iqn.1998-01.com.vmware:esx1:648341046:64#192.168.191.211) will be reassigned from acg security_group to acg iqn.2005-12.org.freenas.ctl:truenas:target1
Aug 10 20:27:27 truenas kernel: [11170]: scst: sess 00000000b8e2d883 (initiator iqn.1998-01.com.vmware:esx3:271329254:64#192.168.191.211) will be reassigned from acg security_group to acg iqn.2005-12.org.freenas.ctl:truenas:target1
Aug 10 20:27:28 truenas kernel: [11170]: scst: sess 00000000d045b924 (initiator iqn.1998-01.com.vmware:esx6:1668310150:64#192.168.191.211) will be reassigned from acg security_group to acg iqn.2005-12.org.freenas.ctl:truenas:target1
Aug 10 20:27:29 truenas kernel: [11170]: scst: Waiting for 2 active commands to complete...
Aug 10 20:27:29 truenas kernel: [11170]: scst: All active commands completed
Aug 10 20:27:29 truenas kernel: [11170]: scst: sess 00000000f7aa935f (initiator iqn.1998-01.com.vmware:esx5:737429025:64#192.168.190.211) will be reassigned from acg security_group to acg iqn.2005-12.org.freenas.ctl:truenas:target1
Aug 10 20:27:30 truenas kernel: [11170]: scst: sess 000000003431d3a2 (initiator iqn.1998-01.com.vmware:esx6:1668310150:64#192.168.190.211) will be reassigned from acg security_group to acg iqn.2005-12.org.freenas.ctl:truenas:target1
Aug 10 20:27:30 truenas kernel: [11170]: scst: sess 00000000ce4462ff (initiator iqn.1998-01.com.vmware:esx4:1487820870:64#192.168.190.211) will be reassigned from acg security_group to acg iqn.2005-12.org.freenas.ctl:truenas:target1
Aug 10 20:27:31 truenas kernel: [11170]: scst: sess 000000001d8fac5a (initiator iqn.1998-01.com.vmware:esx1:648341046:64#192.168.190.211) will be reassigned from acg security_group to acg iqn.2005-12.org.freenas.ctl:truenas:target1
Aug 10 20:27:32 truenas kernel: [11170]: scst: sess 00000000f249eeba (initiator iqn.1998-01.com.vmware:esx5:737429025:64#192.168.191.211) will be reassigned from acg security_group to acg iqn.2005-12.org.freenas.ctl:truenas:target1
Aug 10 20:27:33 truenas kernel: [11170]: scst: sess 0000000043bdef49 (initiator iqn.1998-01.com.vmware:esx2:1461901680:64#192.168.190.211) will be reassigned from acg security_group to acg iqn.2005-12.org.freenas.ctl:truenas:target1
Aug 10 20:27:34 truenas kernel: [11170]: scst: sess 0000000046d79e81 (initiator iqn.1998-01.com.vmware:esx2:1461901680:64#192.168.191.211) will be reassigned from acg security_group to acg iqn.2005-12.org.freenas.ctl:truenas:target1
Aug 10 20:27:35 truenas kernel: [11170]: scst: sess 000000006a6387f1 (initiator iqn.1998-01.com.vmware:esx7:1210241541:64#192.168.191.211) will be reassigned from acg security_group to acg iqn.2005-12.org.freenas.ctl:truenas:target1
Aug 10 20:27:36 truenas kernel: [11170]: scst: sess 00000000b50bcca3 (initiator iqn.1998-01.com.vmware:esx7:1210241541:64#192.168.190.211) will be reassigned from acg security_group to acg iqn.2005-12.org.freenas.ctl:truenas:target1
Aug 10 20:27:36 truenas kernel: [11303]: iscsi-scst: iSCSI TM fn 1
Aug 10 20:27:36 truenas kernel: [11303]: scst: TM fn ABORT_TASK/0 (mcmd 00000000d9e646f0, initiator iqn.1998-01.com.vmware:esx2:1461901680:64#192.168.190.211, target iqn.2005-12.org.freenas.ctl:truenas:target1)
Aug 10 20:27:36 truenas kernel: [11238]: scst: TM fn 0 (mcmd 00000000d9e646f0) finished, status -1
Aug 10 20:27:36 truenas kernel: [11238]: iscsi-scst: iSCSI TM fn 1 finished, status 0, dropped 0
Aug 10 20:27:36 truenas kernel: [11304]: iscsi-scst: iSCSI TM fn 1
Aug 10 20:27:36 truenas kernel: [11304]: scst: TM fn ABORT_TASK/0 (mcmd 000000007b851a39, initiator iqn.1998-01.com.vmware:esx3:271329254:64#192.168.190.211, target iqn.2005-12.org.freenas.ctl:truenas:target1)
Aug 10 20:27:36 truenas kernel: [11238]: scst: TM fn 0 (mcmd 000000007b851a39) finished, status -1
Aug 10 20:27:36 truenas kernel: [11238]: iscsi-scst: iSCSI TM fn 1 finished, status 0, dropped 0
Aug 10 20:27:37 truenas kernel: [11170]: scst: sess 000000001d27ec8a (initiator iqn.1998-01.com.vmware:esx4:1487820870:64#192.168.191.211) will be reassigned from acg security_group to acg iqn.2005-12.org.freenas.ctl:truenas:target1
Aug 10 20:27:37 truenas kernel: [11295]: iscsi-scst: iSCSI TM fn 1
Aug 10 20:27:37 truenas kernel: [11295]: scst: TM fn ABORT_TASK/0 (mcmd 00000000f5e1ff30, initiator iqn.1998-01.com.vmware:esx4:1487820870:64#192.168.190.211, target iqn.2005-12.org.freenas.ctl:truenas:target1)
Aug 10 20:27:37 truenas kernel: [11295]: iscsi-scst: iSCSI TM fn 1
Aug 10 20:27:37 truenas kernel: [11295]: scst: TM fn ABORT_TASK/0 (mcmd 00000000450e55bc, initiator iqn.1998-01.com.vmware:esx4:1487820870:64#192.168.190.211, target iqn.2005-12.org.freenas.ctl:truenas:target1)
Aug 10 20:27:37 truenas kernel: [11238]: scst: TM fn 0 (mcmd 00000000f5e1ff30) finished, status -1
Aug 10 20:27:37 truenas kernel: [11238]: iscsi-scst: iSCSI TM fn 1 finished, status 0, dropped 0
Aug 10 20:27:37 truenas kernel: [11238]: scst: TM fn 0 (mcmd 00000000450e55bc) finished, status -1
Aug 10 20:27:37 truenas kernel: [11238]: iscsi-scst: iSCSI TM fn 1 finished, status 0, dropped 0
Aug 10 20:27:37 truenas kernel: [11303]: iscsi-scst: iSCSI TM fn 1
Aug 10 20:27:37 truenas kernel: [11303]: scst: TM fn ABORT_TASK/0 (mcmd 00000000eb53e996, initiator iqn.1998-01.com.vmware:esx2:1461901680:64#192.168.190.211, target iqn.2005-12.org.freenas.ctl:truenas:target1)
Aug 10 20:27:37 truenas kernel: [11238]: scst: TM fn 0 (mcmd 00000000eb53e996) finished, status -1
Aug 10 20:27:37 truenas kernel: [11238]: iscsi-scst: iSCSI TM fn 1 finished, status 0, dropped 0
Aug 10 20:27:38 truenas kernel: [11170]: scst: Added name *#192.168.190.211 to group security_group (target iqn.2005-12.org.freenas.ctl:truenas:target1)
Aug 10 20:27:38 truenas kernel: [11170]: scst: sess 00000000c4f34df8 (initiator iqn.1998-01.com.vmware:esx3:271329254:64#192.168.190.211) will be reassigned from acg iqn.2005-12.org.freenas.ctl:truenas:target1 to acg security_group
Aug 10 20:27:38 truenas kernel: [11170]: scst: sess 000000003431d3a2 (initiator iqn.1998-01.com.vmware:esx6:1668310150:64#192.168.190.211) will be reassigned from acg iqn.2005-12.org.freenas.ctl:truenas:target1 to acg security_group
Aug 10 20:27:38 truenas kernel: [11170]: scst: sess 00000000f7aa935f (initiator iqn.1998-01.com.vmware:esx5:737429025:64#192.168.190.211) will be reassigned from acg iqn.2005-12.org.freenas.ctl:truenas:target1 to acg security_group
Aug 10 20:27:38 truenas kernel: [11170]: scst: sess 00000000ce4462ff (initiator iqn.1998-01.com.vmware:esx4:1487820870:64#192.168.190.211) will be reassigned from acg iqn.2005-12.org.freenas.ctl:truenas:target1 to acg security_group
Aug 10 20:27:38 truenas kernel: [11170]: scst: sess 00000000b50bcca3 (initiator iqn.1998-01.com.vmware:esx7:1210241541:64#192.168.190.211) will be reassigned from acg iqn.2005-12.org.freenas.ctl:truenas:target1 to acg security_group
Aug 10 20:27:38 truenas kernel: [11170]: scst: sess 0000000043bdef49 (initiator iqn.1998-01.com.vmware:esx2:1461901680:64#192.168.190.211) will be reassigned from acg iqn.2005-12.org.freenas.ctl:truenas:target1 to acg security_group
Aug 10 20:27:38 truenas kernel: [11170]: scst: sess 000000001d8fac5a (initiator iqn.1998-01.com.vmware:esx1:648341046:64#192.168.190.211) will be reassigned from acg iqn.2005-12.org.freenas.ctl:truenas:target1 to acg security_group
Aug 10 20:27:38 truenas kernel: [11305]: iscsi-scst: iSCSI TM fn 1
Aug 10 20:27:38 truenas kernel: [11305]: scst: TM fn ABORT_TASK/0 (mcmd 00000000998fe93d, initiator iqn.1998-01.com.vmware:esx1:648341046:64#192.168.190.211, target iqn.2005-12.org.freenas.ctl:truenas:target1)",26.0.0-RC.1,SCALE-25.10.7 (Goldeye),,,Done,19/Aug/26 7:23 AM,31/Aug/26 3:34 PM,High,Complete,Master - TrueNAS SCALE,,,,IX_EMPLOYEE,triage_skipped,,
Defect,NAS-142264,159908,scst do not hold a list cursor across the scst_acg_del_lun mutex drop,"None PR: https://github.com/truenas/scst/pull/126

scst_unregister_device() and scst_unregister_virtual_device() walked dev->dev_acg_dev_list with list_for_each_entry_safe() while calling scst_acg_del_lun() on each entry. That function is not atomic under scst_mutex. After unlinking the acg_dev it drops the mutex to wait for outstanding commands and for an RCU grace period, then relocks and frees. Any acg_dev teardown that wins the mutex during that window invalidates the walker's saved next pointer. Target unregistration is such a teardown. scst_del_acg() unlinks each acg_dev from the device side only, leaving it on acg->acg_dev_list with its device side list entry poisoned, and defers the free to the acg release work. When the device walker resumed on that stale cursor it looked the entry up again by LUN, found the half deleted node, and performed a second list_del() on the poisoned entry. With list hardening that is a general protection fault on LIST_POISON2. Without it the same race can write through reused slab memory, free the acg_dev twice, and underflow the device refcount.

Fix this by restarting from the list head on every iteration instead of carrying a cursor across the call. Both functions now share a new scst_dev_del_all_luns() helper so the loop and its locking assumption live in one place. The list is read again under
scst_mutex after scst_acg_del_lun() returns, so entries removed by a concurrent teardown are simply no longer seen. Progress is guaranteed because an entry present on dev->dev_acg_dev_list is always still findable in its group while scst_mutex is held, so each call removes the first entry.

This was hit in production on an HA system during failover. The scst service restart was tearing down all iSCSI targets while iscsid was logging out the initiator sessions to the peer node, whose pass through devices carry LUNs in both the dying target's group and the copy manager group. The same window exists upstream and the crash is unfixed there. The sanitized oops and the log leading up to it follow. Device, target, and dataset names were replaced and everything else is verbatim.
```
<6>[  197.409288] [4056]: dev_vdisk: dev vol1: ALUA state change from transitioning to active finished, reopening FD <6>[  197.411585] [4056]: dev_vdisk: Auto enable thin provisioning for device /dev/zvol/tank/iscsi/vol1 <6>[  197.411605] [4056]: dev_vdisk: dev vol2: ALUA state change from transitioning to active started, not closing FD <6>[  197.411613] [4056]: dev_vdisk: dev vol2: ALUA state change from transitioning to active finished, reopening FD <6>[  197.413555] [4056]: dev_vdisk: Auto enable thin provisioning for device /dev/zvol/tank/iscsi/vol2 <6>[  197.413572] [4056]: dev_vdisk: dev vol3: ALUA state change from transitioning to active started, not closing FD <6>[  197.413577] [4056]: dev_vdisk: dev vol3: ALUA state change from transitioning to active finished, reopening FD <6>[  197.415219] [4056]: dev_vdisk: Auto enable thin provisioning for device /dev/zvol/tank/iscsi/vol3 <6>[  197.415254] [4056]: scst: Changed ALUA state of targets/controller_B into active <6>[  197.498596] [4090]: iscsi-scst: Releasing allocated resources <6>[  197.544339] dlm: scst-6c1beaf8ea1e06e: group event done 0 <6>[  197.544431] dlm: scst-6c1beaf8ea1e06e: release_lockspace final free <6>[  197.544441] [5516]: scst: released lockspace for 6c1beaf8ea1e06e <6>[  197.544668] [5517]: scst: 6:0:0:3: changing cluster_mode from 1 into 0 <6>[  197.544860] dlm: scst-fd7f6fbaf47830f: leaving the lockspace group... <6>[  202.561564] dlm: scst-fd7f6fbaf47830f: group event done 0 <6>[  202.561722] dlm: scst-fd7f6fbaf47830f: release_lockspace final free <6>[  202.561744] [5517]: scst: released lockspace for fd7f6fbaf47830f <6>[  202.561900] [5519]: scst: 6:0:0:4: changing cluster_mode from 1 into 0 <6>[  202.562196] dlm: scst-02a66387a322ebf: leaving the lockspace group... <6>[  207.575426] dlm: scst-02a66387a322ebf: group event done 0 <6>[  207.575573] dlm: scst-02a66387a322ebf: release_lockspace final free <6>[  207.575651] [5519]: scst: released lockspace for 02a66387a322ebf <6>[  207.575932] [4394]: scst: Removed LUN 0 from group copy_manager_tgt (target copy_manager_tgt) <6>[  207.617025] [4090]: scst: Target iqn.2005-10.org.freenas.ctl:truenas-ha for template iscsi unregistered successfully <4>[  207.617072] Oops: general protection fault, probably for non-canonical address 0xdead000000000122: 0000 [#1] PREEMPT SMP NOPTI
<4>[  207.617594] CPU: 1 UID: 0 PID: 4394 Comm: iscsid Tainted: P           OE      6.12.91-production+truenas #1
<4>[  207.617974] Tainted: [P]=PROPRIETARY_MODULE, [O]=OOT_MODULE, [E]=UNSIGNED_MODULE
<4>[  207.618356] Hardware name: iXsystems TRUENAS-H10-HA/X12SDV-4C-SP6F, BIOS 1.8.V2 01/15/2025
<4>[  207.618754] RIP: 0010:__scst_acg_del_lun+0x1ed/0x310 [scst]
<4>[  207.619247] Code: 89 7e 08 4d 89 b4 24 18 02 00 00 49 89 b4 24 20 02 00 00 48 89 3e 48 8b 3b e9 b9 fe ff ff 48 8b 43 28 48 8b 53 20 48 8d 7b 20 <48> 3b 38 0f 85 fe 00 00 00 48 3b 7a 08 0f 85 f4 00 00 00 48 89 42
<4>[  207.620172] RSP: 0018:ff4e0ed685757810 EFLAGS: 00010246
<4>[  207.620651] RAX: dead000000000122 RBX: ff24d36991e03d20 RCX: ff24d369c01f6000
<4>[  207.621191] RDX: dead000000000100 RSI: ff24d3699e06acf0 RDI: ff24d36991e03d40
<4>[  207.621761] RBP: ff24d369aaf42800 R08: 0000000000000000 R09: 0000000080190018
<4>[  207.622342] R10: 0000000000000000 R11: 0000000080190018 R12: ff24d3699e06aae8
<4>[  207.622936] R13: ff24d3699e06aae8 R14: ff4e0ed685757868 R15: 0000000000000000
<4>[  207.623543] FS:  00007f1c5a8e4d80(0000) GS:ff24d378bfc80000(0000) knlGS:0000000000000000
<4>[  207.624170] CS:  0010 DS: 0000 ES: 0000 CR0: 0000000080050033
<4>[  207.624798] CR2: 00007f7ed18a32f0 CR3: 000000011f51a001 CR4: 0000000000773ef0
<4>[  207.625458] PKRU: 55555554
<4>[  207.626105] Call Trace:
<4>[  207.626752]  <TASK>
<4>[  207.627391]  ? kmem_cache_free+0x2e9/0x3b0
<4>[  207.628051]  scst_acg_del_lun+0x4e/0x1f0 [scst]
<4>[  207.628797]  scst_remove+0x14d/0x310 [scst]
<4>[  207.629451]  device_del+0x10f/0x3e0
<4>[  207.629922]  device_unregister+0x17/0x60
<4>[  207.630395]  __scsi_remove_device+0x11a/0x180 [scsi_mod]
<4>[  207.630906]  scsi_remove_target+0x1a5/0x220 [scsi_mod]
<4>[  207.631415]  __iscsi_unbind_session+0xd4/0x220 [scsi_transport_iscsi]
<4>[  207.631940]  iscsi_remove_session+0x107/0x200 [scsi_transport_iscsi]
<4>[  207.632466]  iscsi_session_remove+0x1d/0x30 [libiscsi]
<4>[  207.632983]  iscsi_sw_tcp_session_destroy+0x4c/0x80 [iscsi_tcp]
<4>[  207.633513]  iscsi_if_rx+0x1bcf/0x21e0 [scsi_transport_iscsi]
<4>[  207.634060]  ? kmalloc_reserve+0x93/0x100
<4>[  207.634592]  netlink_unicast+0x1d8/0x2d0
<4>[  207.635130]  netlink_sendmsg+0x222/0x490
<4>[  207.635669]  ? aa_sk_perm+0x46/0x210
<4>[  207.636208]  ____sys_sendmsg+0x37c/0x3a0
<4>[  207.636748]  ? copy_msghdr_from_user+0x7d/0xc0
<4>[  207.637299]  ___sys_sendmsg+0x9a/0xe0
<4>[  207.637849]  __sys_sendmsg+0x87/0xe0
<4>[  207.638393]  do_syscall_64+0x87/0x1a0
<4>[  207.642790]  entry_SYSCALL_64_after_hwframe+0x76/0x7e
<4>[  207.647918]  </TASK>
<0>[  207.713820] Kernel panic - not syncing: Fatal exception",26.0.0-RC.1,SCALE-25.10.7 (Goldeye),,,Done,19/Aug/26 12:40 PM,31/Aug/26 3:34 PM,High,Complete,Master - TrueNAS SCALE,,,,IX_EMPLOYEE,triage_skipped,,
Defect,NAS-142303,159959,Set unicast_src_ip for VRRP instances so IPv6 adverts are received,"27.0.0-BETA.1 PR: https://github.com/truenas/middleware/pull/19527

keepalived binds the unicast receive socket to the advert source address. Without unicast_src_ip it uses the first address it learns on the interface, which for IPv6 is the link-local address. The peer sends adverts to our configured address, so they are never delivered and both controllers become MASTER for every IPv6 VIP. IPv4 only worked because the first learned address is normally the configured one. Set unicast_src_ip to the address the peer is configured to send to for every instance.",26.0.0-RC.1,27.0.0-BETA.1,SCALE-25.10.7 (Goldeye),,Done,20/Aug/26 2:34 PM,31/Aug/26 3:34 PM,High,Complete,27.0.0-BETA.1,,,,IX_EMPLOYEE,triage_skipped,,
Improvement,NAS-142433,160203,Identify USB passthrough devices by their physical port in the VM and Container UI,"h2. Background

A USB passthrough device can be identified either by the physical port it is plugged into or by its vendor and product ID. Both are supported and neither is going away. The port is the better default: it survives replugs and reboots, and it can tell two identical devices apart, which vendor/product cannot.

Middleware exposes the device list through {{vm.device.usb_passthrough_choices}} and {{container.device.usb_choices}}. Both return the same thing — one entry per connected device, keyed by port, carrying that device's vendor ID, product ID and a human-readable description.

Today the VM UI records the port. The container UI reads the same list but discards the port and records vendor/product instead, which is why two identical devices cannot both be attached to a container.

h2. What we want

Both the VM and container UIs should allow a device to be selected by port or by vendor/product, defaulting to the port.

* Containers should record the port when a device is picked from the list, the same as VMs already do.
* Vendor/product stays available on both. Devices already recorded that way must keep displaying and remain editable — upgraded systems carry them.
* Choices should be presented using the human-readable description middleware returns rather than the raw identifier, and entries middleware flags as unusable should be skipped.
* Containers should allow USB devices to be attached at creation time and edited afterwards; neither is possible today.

h2. Scope

Needed on both {{master}} and {{stable/26}}.",26.0.0-RC.1,27.0.0-BETA.1,,,Done,22/Aug/26 6:23 PM,15/Sep/26 3:52 PM,Low,Complete,,,,,IX_EMPLOYEE,triage_skipped,,
Bug,NAS-142517,160288,"Storage Dashboard throws error, shows no pools","Upgraded from 25.10.4 to 26.0.0-BETA.3.

The Storage Dashboard throws the error ""can't access property ""class_special_usable"", T.properties is null"" and shows no pools. The top-level Dashboard is fine.

Gemini thinks this is because I have pools that don't have Special VDEVs, or perhaps that I have one that does but others that don't.",26.0.0,26.0.0-RC.1,27.0.0-BETA.1,,Done,24/Aug/26 9:07 AM,11/Sep/26 10:35 AM,Medium,Complete,26.0.0-BETA.3,,,,COMMUNITY_USER,doc_resolved,tests_impact,
Defect,NAS-142560,160349,nfsd: don't modify a session slot when replaying its cached reply,"27.0.0-BETA.1 PR: https://github.com/truenas/linux/pull/344

An NFS customer hit repeated kernel panics on their file servers ([SEE-604|https://ixsystemsinc.atlassian.net/browse/SEE-604]), three faults across two 6.12.91 appliances. An NFSv4.1 client that loses its connection retransmits, and if the connection drops again before the reply arrives, two copies of the same request reach the server at once. Both are answered from the session reply cache, which should be read-only, but since v5.10 a cached reply also rewrites the slot it just read from with no lock held. One thread frees and rebuilds the cached credential while another compares against it, and nfsd takes a NULL dereference and panics. Only a connection dropping twice is needed. The bug has been there since [cc028a10a48c|https://git.kernel.org/pub/scm/linux/kernel/git/cel/linux.git/commit/?id=cc028a10a48c] in v5.10-rc1 (2020), so both truenas/linux-6.12 and truenas/linux-6.18 are affected.

The fix was [posted to linux-nfs|https://lore.kernel.org/linux-nfs/20260824173641.3274260-1-ameer.hamza@truenas.com/] and applied upstream to the [nfsd-testing branch|https://git.kernel.org/pub/scm/linux/kernel/git/cel/linux.git/log/?h=nfsd-testing] of the NFSD maintainer tree (cel/linux) as commit [e74f668|https://git.kernel.org/pub/scm/linux/kernel/git/cel/linux.git/commit/?h=nfsd-testing&id=e74f668360ee592d62ed30df48b1aed86af675b5]. It carries {{Fixes:}} and {{Cc: stable}}, so it will be backported to the affected stable series (including v6.12 and v6.18) automatically once it reaches mainline.

Upstream commit message, as applied:
{code:language=none}

nfsd: don't modify a session slot when replaying its cached reply

nfsd4_sequence() claims a session slot by setting NFSD4_SLOT_INUSE
under nn->client_lock. A reply served from the slot's reply cache does
not claim it, and that distinction lived only in cstate->status, which
nfsd4_sequence() set to nfserr_replay_cache. Commit cc028a10a48c
(""NFSD: Hoist status code encoding into XDR encoder functions"") moved
nfsd4_proc_compound()'s cstate->status assignment below the out:
label, and the replay path's goto out was the one path that relied on
skipping it. The test in nfsd4_sequence_done() therefore no longer
identifies a replay, and every replay now stores its reply and clears
NFSD4_SLOT_INUSE as though it owned the slot.

NFSD4_SLOT_INUSE is the interlock: check_slot_seqid() rejects every
sequence id for a slot that is in use, before replay_matches_cache()
runs. A replay never sets it, so two replays can be in flight on the
same slot at once. One can read slot->sl_cred under nn->client_lock
while the other's completion frees and rebuilds it from the XDR
encoder without that lock. Two completions can also collide with each
other and release the same group_info twice. free_svc_cred() leaves
cr_uid, cr_gid and cr_flavor intact, so the reader passes every
earlier test in same_creds() and dereferences a NULL cr_group_info.
From a 6.12.91 production server:

  BUG: kernel NULL pointer dereference, address: 0000000000000004
  CPU: 63 UID: 0 PID: 39015 Comm: nfsd
  RIP: 0010:same_creds+0x38/0xa0 [nfsd]
  RDX: 0000000000000000
  Call Trace:
   nfsd4_sequence+0x6a8/0x910 [nfsd]
   nfsd4_proc_compound+0x345/0x670 [nfsd]
   nfsd_dispatch+0x100/0x220 [nfsd]
   svc_process_common+0x311/0x700 [sunrpc]
   svc_process+0x131/0x1c0 [sunrpc]
   svc_recv+0x7ef/0x9c0 [sunrpc]
   nfsd+0xa3/0x100 [nfsd]
  Kernel panic - not syncing: Fatal exception

Since v6.14 a live session's slot table can shrink, and the unowned
store becomes a use-after-free write. nfsd4_sequence() defers the
shrink while a slot is in use, but it tests NFSD4_SLOT_INUSE, which a
replay does not set, so free_session_slots() can kfree() the slot the
replay still holds in cstate->slot.

Record the claim in cstate->slot_owned when nfsd4_sequence() accepts a
request and test that in nfsd4_sequence_done(), so only the request
that claimed the slot updates its cached reply and clears
NFSD4_SLOT_INUSE. svc_generic_init_request() zeroes the compound
response before each request, so the flag starts clear.

Fixes: [cc028a10a48c](https://git.kernel.org/pub/scm/linux/kernel/git/cel/linux.git/commit/?id=cc028a10a48c) (""NFSD: Hoist status code encoding into XDR encoder functions"")
Cc: stable@vger.kernel.org
Assisted-by: Claude:claude-opus-5
Signed-off-by: Ameer Hamza <ameer.hamza@truenas.com>
Link: https://patch.msgid.link/20260824173641.3274260-1-ameer.hamza@truenas.com
Signed-off-by: Chuck Lever <cel@kernel.org>
{code}",26.0.0-RC.1,27.0.0-BETA.1,SCALE-25.10.7 (Goldeye),,Done,25/Aug/26 11:14 AM,31/Aug/26 3:35 PM,High,Complete,27.0.0-BETA.1,,,,IX_EMPLOYEE,triage_skipped,,
Bug,NAS-142603,160403,Drop the TLS client authentication EKU from TNC and default CSRs,"Middleware requests both server and client authentication extended key usages in the certificate signing requests it generates, both for the TNC wildcard certificate and in the default HTTPS RSA and ECC certificate profiles, following what was then universal CA practice and a Let's Encrypt community recommendation still cited in the code. The Chrome Root Program reversed that consensus with its Moving Forward, Together initiative starting in 2022: public CAs must issue from hierarchies dedicated to server authentication, and certificates issued on or after March 15, 2027 may assert only the server authentication purpose. Every public CA has followed. ZeroSSL stopped including the client authentication EKU in October 2025, Let's Encrypt ends support in July 2026, and Google Trust Services now rejects any CSR that includes it.

TrueNAS Connect does not use mutual TLS anywhere, so nothing depends on the EKU. Remove client authentication from the TNC CSR and from the default HTTPS certificate profiles, while keeping it selectable for user generated CSRs aimed at private CAs.

The primary movtivation is to be able to use Google CA internally to get around ZeroSSL rate limits that have lead to many inconsistent test failures on internal nightlies. Let’s Encrypt’s limits are too small for more than one nightly run a week, and are shared with the domain so would affect its current role as a temporary prod fallback. Right now orders for certs against Google CA fail due to CLIENT_AUTH inclusion. ",26.0.0-RC.1,27.0.0-BETA.1,,,Done,26/Aug/26 12:22 PM,14/Sep/26 11:41 AM,High,Complete,Master - TrueNAS Nightlies,,,,IX_EMPLOYEE,triage_skipped,,
Bug,NAS-142604,160404,Update outdated contact details in the TNC CSR subject,"Currently outdated values:

State: TN

City: Maryville

Organization: iX

Email: cert-bot@ixsystems.com",26.0.0,26.0.0-RC.1,27.0.0-BETA.1,,Done,26/Aug/26 12:24 PM,22/Sep/26 7:23 AM,Low,Complete,Master - TrueNAS Nightlies,,,,IX_EMPLOYEE,,,
Bug,NAS-142610,160410,Snapshot lifetime UI accepts -1 and 0,"UI accepts a value of -1 which subsequently creates issues.

If middleware is using a snapshot lifetime of 0 to represent a snapshot that should not be deleted that should be communicated in the UI. 

Versions tested: 

25.10.6 Goldeneye mission critical 

26 nightly

27 nightly",26.0.0-RC.1,27.0.0-BETA.1,N/A,SCALE-25.10.7 (Goldeye),Done,26/Aug/26 1:19 PM,31/Aug/26 3:36 PM,Low,Complete,26.0.0-RC.1,27.0.0-BETA.1,SCALE-25.10.6 (Goldeye),,IX_EMPLOYEE,triage_skipped,,
Bug,NAS-142731,160561,Dashboard nic  throughput graph only shows data from one nic in the bond,"add the bond, show graph for throughput, the graph dont show max speed, check via htop ntop etc.",26.0.0-RC.1,27.0.0-BETA.1,,,Done,28/Aug/26 5:47 AM,13/Sep/26 9:45 AM,Low,Complete,Master - TrueNAS Nightlies,,,,COMMUNITY_USER,,,
Improvement,NAS-142916,160810,Fix broken CI,We have broken CI because of the distributed deps (some unpinned) which needs to be fixed,26.0.0-RC.1,27.0.0-BETA.1,SCALE-25.10.7 (Goldeye),,Done,31/Aug/26 6:35 AM,06/Sep/26 1:56 PM,High,Complete,,,,,IX_EMPLOYEE,triage_skipped,,
Bug,NAS-142970,160878,automated scheduled replication task bug,"hi, i'm trying to use a second pc as backup for the main truenas server. this time i have tried replication tasks. they works manually but not automatically. i have tried to set one to be executed automatically. it didn't worked. so i looked into the cron section of the automatic scheduling and found out that it wont show tasks for current month, only for the next one. i have tried hourly, daily, weekly and it completely ignores the current month",26.0.0,26.0.0-RC.1,27.0.0-BETA.1,,Done,01/Sep/26 2:01 AM,15/Sep/26 8:20 AM,Medium,Complete,26.0.0-BETA.3,,,,COMMUNITY_USER,doc_impact,tests_impact,
New Feature,NAS-143004,160919,ER-11 in debug info,We need to add a license plugin for ixdiagnose,26.0.0-RC.1,27.0.0-BETA.1,,,Done,01/Sep/26 5:44 PM,28/Sep/26 11:01 AM,High,Complete,,,,,IX_EMPLOYEE,triage_skipped,,
New Feature,NAS-143012,160927,Adapt UI to the middleware entitlement engine,"Middleware has replaced all ad-hoc ""is this Enterprise / is this licensed"" checks with a single entitlement engine. {{system.product_type}} now describes hardware only, and a new endpoint reports, per feature, whether the system is entitled to it and why not. The UI should move all feature gating onto that endpoint and use product type for branding alone.

h2. Three independent signals

Middleware answers three separate questions and never mixes them. The UI should pick the right one for each decision.

* *Hardware identity* — {{system.product_type}} ({{ENTERPRISE}} / {{COMMUNITY_EDITION}}) and {{truenas.is_ix_hardware}}. Use for branding only.
* *License present* — {{truenas.license.info}} returns the license or {{null}}. Use for the license card / upload flows only.
* *Feature entitlement* — {{truenas.entitlements.info}}. Use for every show/hide or enable/disable decision about a subsystem.

h2. Methods removed or changed

* {{system.is_enterprise}} has been removed. There is no replacement; every decision it used to drive maps to one of the three signals above.
* {{system.feature_enabled}} is deprecated and private on the v26 API. Use {{truenas.entitlements.check}} or the {{info}} map.
* {{system.license_update}} now errors. License upload is {{truenas.license.upload}}.
* {{system.product_type}} keeps its two values but now reflects hardware alone: {{ENTERPRISE}} means iX appliance hardware excluding Minis, regardless of license. An unlicensed appliance reports {{ENTERPRISE}}; a licensed Mini or whitebox reports {{COMMUNITY_EDITION}}. It must not be used as a proxy for ""licensed"" or for ""feature available"".

h2. Feature gating: {{truenas.entitlements.info}}

* Role {{SYSTEM_PRODUCT_READ}}, no arguments. Returns {{{ features: { <KEY>: { entitled, reason, message } } }}}.
* {{truenas.entitlements.check(<KEY>)}} returns a single entry. An unknown key returns {{entitled: true}} with reason {{NOT_GATED}}; it never errors.
* The key set is open and grows across releases. Iterate the map, ignore keys you do not recognise, and treat an absent key as not gated. Do not model keys as a closed enum that breaks on a new value.
* {{reason}} values today: {{ENTITLED}}, {{NO_LICENSE}}, {{KEY_MISSING}}, {{WRONG_HARDWARE}}, {{TIER_INSUFFICIENT}}, {{WRONG_LICENSE_TYPE}}, {{NOT_GATED}}. More may be added; treat an unknown reason as a generic denial.
* Denial reasons should render differently:
** {{WRONG_HARDWARE}} — this hardware can never have the feature. Hide the control.
** {{KEY_MISSING}} — a license is installed but does not carry the feature. Offer a license upgrade, not a first-time purchase.
** {{NO_LICENSE}} — no license installed. Offer purchase / upload.
** {{TIER_INSUFFICIENT}} / {{WRONG_LICENSE_TYPE}} — licensed, but the contract tier or license type does not qualify. Upgrade messaging.
** {{message}} is a server-provided explanation suitable as the default tooltip.
* No event fires when entitlements change. Re-fetch {{truenas.entitlements.info}} and {{truenas.license.info}} after {{truenas.license.upload}} completes, and avoid caching the map for the whole session.

h2. Which key gates which subsystem

The UI should gate each of these surfaces on the named key and on nothing else (no product-type or hardware checks alongside it):

* {{APPS}} — Apps
* {{CONTAINERS}} — Containers
* {{VMS}} — Virtual machines
* {{DEDUP}} — Dataset deduplication
* {{KMIP}} — KMIP
* {{SED}} — Self-encrypting disk settings everywhere they appear (advanced settings, disk form, KMIP, wizard, encryption page)
* {{FIBRECHANNEL}} — Fibre Channel target mode and ports ({{fc.capable}} already includes this)
* {{ZFSTIER}} — Storage tiering
* {{RDMA}} — NFS over RDMA, iSCSI iSER, NVMe-oF RDMA transport ({{rdma.capable_protocols}} already reflects this)
* {{NVMEOF_SPDK}} — NVMe-oF SPDK backend option
* {{SMB_VEEAM}} — SMB ""Veeam repository"" share purpose
* {{NFS_SNAPSHOT}} — NFS ""Expose Snapshots"" option
* {{DIRECTORY_SERVICES}} — Directory-services login for the UI ({{system.general.ds_auth}}) and privilege DS auth
* {{NETWORK_FEC}} — Interface FEC mode
* {{WEBSHARE}} — WebShare sharing
* {{TRUESEARCH}} — Global search backend. A TrueNAS Connect connection is no longer a substitute for this entitlement.
* {{SUPPORT}} — Chooses the licensed vs community support ticket form; middleware selects the ticket path on this same key.
* {{HA}} — HA / failover. {{failover.licensed}} remains valid and reflects the same thing; do not pre-gate HA UI on product type.
* {{PROACTIVE_SUPPORT}}, {{MISSION_CRITICAL}}, {{STIG}} — already applied server-side via {{support.is_available}}, {{update.profile_choices}} ({{available}} flag) and {{system.security.info.fips_available}}. No UI change beyond not assuming Enterprise hardware implies them.
* {{CATALOG_ENTERPRISE_TRAIN}}, {{SMB_FASTPATH}} — no UI surface today; gate on the key if one is added.

h2. License payload changes

{{truenas.license.info}} is now a typed model:

* The top-level {{expires_at}} is gone. The support contract end date is {{features[SUPPORT].expires_at}}.
* Each feature entry now also carries {{source}} and {{type}} (contract tier).
* {{type}} is open-ended ({{ENTERPRISE_SINGLE}}, {{ENTERPRISE_HA}}, {{COMMERCIAL}}, {{COMMUNITY}}, {{UNKNOWN}}, more may follow). {{model}} and {{contract_type}} are nullable.
* The {{features}} list can be considerably longer than before, since legacy licenses have a fixed feature set injected server-side. Feature labels should fall back to the raw key for anything unrecognised.
* A license whose model starts with {{freenas}} is reported as no license ({{null}}). If the license daemon is unavailable the system also reports as unlicensed. Both just need the normal ""no license"" rendering.

The dashboard payload behind {{webui.main.dashboard.sys_info}} ({{system.license}}):

* {{expired}} is gone. Derive from {{contract_end}} if needed.
* {{contract_start}} is now a real date.
* {{contract_end}} stays and is the value the dashboard license-expiry helper should keep using.

h2. Network settings

{{network.configuration.config}} omits {{hostname_b}} and {{hostname_virtual}} entirely (keys absent, not {{null}}) unless the system is HA-capable. Read them optionally and show the fields based on {{failover.licensed}}, not product type.

h2. Branding

Product type follows hardware alone, so as shipped:

* iX appliance hardware shows Enterprise branding (logo, edition label, copyright line, hidden marketing CTAs) even with no license installed.
* A licensed Mini or whitebox shows Community Edition branding.

Anything currently hidden or shown ""because Enterprise"" that is really about licensing (e.g. thumbprint row, feature-vote block, upgrade CTAs) should be re-evaluated against the correct signal: hardware, license present, or a specific entitlement.

h2. References (middleware {{stable/26}})

* {{plugins/truenas/entitlements.py}} — endpoint
* {{api/v26_0_0/truenas.py}} — {{EntitlementsInfo}}, {{EntitlementEntry}}, {{LicenseInfoEntry}}, {{LicenseFeatureEntry}}
* {{utils/entitlements/engine.py}} — {{Reason}}
* {{utils/entitlements/policy.py}} — {{POLICY}}, the authoritative key list
* {{plugins/system/product.py}} — {{product_type}}, {{feature_enabled}}, {{license}}",26.0.0-RC.1,27.0.0-BETA.1,,,Done,01/Sep/26 9:21 PM,14/Sep/26 12:09 AM,Blocker,Complete,,,,,doc_impact,IX_EMPLOYEE,tests_impact,triage_skipped
Improvement,NAS-143125,161069,License features are truncated on General Page,"With a longer list of possible licensed features, the listed items become truncated as they are restricted to a single line.  Also, if user hovers mouse over the text field, there is no tool tip making it difficult to see all items in the list.



Request is for:

# Configuring a tool tip that allows the full list to be seen or configure a second dialog that shows the extensive list
# Implement a method that allows the list of features to be easily visible (e.g. wrapped text, or columns, etc)
# !image-20260904-132748.png|width=688,alt=""image-20260904-132748.png""!
# Test Environment: f60-146 with 26.0.0-RC.1 internal.1",26.0.0,26.0.0-RC.1,27.0.0-BETA.1,N/A,Done,04/Sep/26 9:29 AM,15/Sep/26 8:18 AM,Low,Complete,26.0.0-RC.1,,,,IX_EMPLOYEE,,,
Improvement,NAS-143189,161133,Debug should capture license features being used,We need to add changes so debug is capturing license features are being used at the time a debug is taken of the system,26.0.0-RC.1,27.0.0-BETA.1,,,Done,04/Sep/26 7:33 PM,28/Sep/26 11:00 AM,High,Complete,,,,,IX_EMPLOYEE,triage_skipped,,
Bug,NAS-143219,161164,`Save And Go To Review` button is badly named,"the button is incorrectly named, it does not save anything, nor should imply it.

Rename the button to something like `Go to Review`

Also don't capitalise every word.",26.0.0,26.0.0-RC.1,27.0.0-BETA.1,N/A,Done,05/Sep/26 11:17 AM,15/Sep/26 8:19 AM,Low,Complete,26.0.0-BETA.3,,,,COMMUNITY_USER,,,
Defect,NAS-143578,161586,"test(api): pin the secure rename shape, and who may see which complaint","27.0.0-BETA.1 PR: https://github.com/iXsystems/truenas-file-manager/pull/1660

Part of #336, acceptance 2 and 3. {{normalizeRenameShape}} goes *72.2% → 100%* and {{paramShapeError.Error()}} *0% → 100%*. Pure function, no fixtures, so these run in CI rather than skipping.

h2. What the secure rename form is for

It names a directory and a *bare* new name rather than two paths, and the function's own comment says why: _""a bare name cannot name another directory, so the rename stays where the caller said it was.""_ Pinned:

* a path separator anywhere in {{newName}} is refused — parent traversal, subdirectory, absolute path, trailing slash
* a NUL byte is refused, because the kernel truncates a name there
* a relative {{path}} is *refused rather than resolved*. The deleted secure handler ran {{filepath.Abs}}, which answers against the *server's* working directory and has nothing to do with a caller's virtual path
* a request already carrying {{oldPath}} is left alone, so mixing the two shapes gets the standard reading rather than a merge
* an incomplete secure form passes through, for the handler to say precisely which field is missing
* the secure {{fileHandle}} is taken only when the caller sent none

h2. The disclosure rule, which is what {{Error()}} exists for

{{createConflictHandlerWrapper}} shows a {{*paramShapeError}} *verbatim* and replaces anything else with the generic message. So which _type_ comes back decides what a caller learns about the server. Both halves are asserted: a shape refusal must be a {{paramShapeError}}, and *a decode failure must not be* — an unmarshal error describes this package's own structs.

h2. Measured and deliberately not asserted

{{"".""}} and {{""..""}} survive the separator check. {{filepath.Base}} returns them unchanged, so {{filepath.Base(n) == n}} holds, and {{filepath.Join}} then collapses them. On master:

{code:language=none}
newName ""..""  ->  newPath ""/share""           (the parent directory)
newName "".""   ->  newPath ""/share/reports""   (the containing directory)
{code}

So the function's comment overstates what it guarantees. *It is not exploitable*: {{fs.CheckEntryName}} refuses {{""""}}, {{"".""}} and {{""..""}} before the rename runs ({{file_operations_secure.go:111,114}}), and that is where the guarantee actually lives. CLAUDE.md says not to encode a hole as a test's expected result, so there is no case asserting {{""..""}} is accepted — the comment above the table names the layer that carries the weight instead. Not filed as an issue either: there is no defect today, and the fix would be to tighten a comment or add two names to a check, which this note is enough to prompt.

h2. Mutation table

Each mutation was confirmed applied (the changed line printed back) before the run, and {{git status --porcelain}} was empty after every restore.

||#||Mutation||Killed||
|M1|the separator check removed|the four traversal subtests — *and* the disclosure case, correctly: it uses {{../b.txt}} to _produce_ a shape error, so removing the check removes its input|
|M2|the absolute-path check removed|the relative-path case alone|
|M3|{{oldPath}} no longer short-circuits|the standard-rename case alone|
|M4|the NUL check looks for a rune that never appears|the NUL case alone — *see below*|
|M5|the secure handle overwrites the caller's|the fileHandle case alone|
|M6|a decode failure dressed as a {{paramShapeError}}|the disclosure case — this is the half that proves the _second_ assertion carries weight|

*M4 read as a survivor first, and that was my measurement being wrong, not the code.* Deleting the check made {{strings}} an unused import, so the package stopped compiling; my runner counts {{--- FAIL}} lines, and a build failure produces none. Recut to keep the import used — the same call looking for {{'￿'}} — with {{go build}} as an explicit control before the run, it kills the NUL case and nothing else. This is the third time a non-compiling mutation has scored as whatever I happened to be counting; the control is now part of the cut rather than an afterthought.

h2. Verification

* {{go build ./...}}, {{go vet ./...}}, {{go test ./... -count=1}} — every package in {{truenas-file-manager}} green
* {{golangci-lint run --config ../.golangci.yml ./...}} — *0 issues under 2.9.0, the version CI pins*
* 26/26 repo self-tests
* 15 cases counted rather than assumed — 8 top-level, 7 subtests
* Composes onto master

Co-Authored-By: Claude Opus 5 <noreply@anthropic.com>",26.0.0-RC.1,27.0.0-BETA.1,,,Done,10/Sep/26 10:54 PM,15/Sep/26 7:54 AM,Low,Complete,27.0.0-BETA.1,,,,IX_AGENT,,,
Bug,NAS-143641,161664,Web UI unavailable after OS upgrade on systems with many RSA-4096 certificates,"Product / version

TrueNAS SCALE 26.0.0-BETA.3

I have observed the same user-visible failure after upgrades to BETA.1, BETA.2, and BETA.3.

Summary

After upgrading TrueNAS, the Web UI becomes unavailable because nginx cannot start:

open() ""/etc/nginx/nginx.conf"" failed (2: No such file or directory)

/etc/nginx/nginx.conf is generated by middleware rather than being present in the pristine /etc dataset.

On this system, generating the nginx configuration takes approximately 67 seconds because certificate lookup is unexpectedly expensive. The configured UI certificate is looked up twice during nginx rendering, and each filtered lookup takes approximately 34 seconds.

The main performance issue is reproducible independently of nginx:

certificate.query([[""id"",""="",50]])                    ~33.9 s
certificate.query([])                                 ~34.1 s
certificate.query([[""id"",""="",50]],
                  {""force_sql_filters"":true})           2.9 s

The filtered query therefore costs essentially the same as querying every certificate unless force_sql_filters is explicitly enabled.

This appears to cause the automatic nginx-generation path during creation of a new boot environment to fail or time out. No nginx.conf is produced, so the management UI is unavailable.

Manually running nginx generation with a sufficiently long API timeout succeeds without changing any certificate or UI configuration, and the Web UI immediately works again.

Environment

Affected system:

TrueNAS-26.0.0-BETA.3

Certificate inventory:

17 certificate/CSR records total
16 RSA-4096
1 RSA-2048

All certificate and CSR records parse successfully. I found no corrupt certificate.

The affected system is relatively low-powered hardware, which makes the performance problem particularly visible, but the query behavior itself does not appear hardware-specific.

A second TrueNAS system with a different certificate inventory does not exhibit the failure.

User-visible failure

Immediately after an OS upgrade:

{noformat}ls -l /etc/nginx/nginx.conf{noformat}

returns:

{noformat}No such file or directory{noformat}

and:

{noformat}systemctl status nginx{noformat}

shows nginx failed because it cannot open:

{noformat}/etc/nginx/nginx.conf{noformat}

SMB and other services continue to operate. The failure is specifically the management Web UI/nginx path.

This has recurred after multiple TrueNAS 26 beta upgrades.

nginx configuration is generated, not shipped in pristine /etc

On BETA.3, nginx configuration is generated from middleware:

{noformat}/usr/lib/python3/dist-packages/middlewared/etc_files/local/nginx/nginx.conf.mako{noformat}

and is registered for the INTERFACE_SYNC checkpoint.

The expected output is:

{noformat}/etc/nginx/nginx.conf{noformat}

The nginx file is also absent from the pristine /etc boot-environment state, so a newly-created boot environment depends on successful first-time generation.

Certificate query performance

Raw certificate datastore access is fast.

The expensive operation occurs during certificate extension/normalization.

Timing the normal public API query:

{noformat}time midclt call certificate.query '[[""id"",""="",20]]' >/dev/null{noformat}

result:

{noformat}~33.921 s{noformat}

Querying all certificates:

{noformat}time midclt call certificate.query '[]' >/dev/null{noformat}

result:

{noformat}~34.067 s{noformat}

A query for one certificate therefore takes essentially exactly the same time as querying the entire 17-record certificate inventory.

I then tested the same primary-key query using SQL filter pushdown:

{noformat}time midclt call certificate.query \\
  '[[""id"",""="",50]]' \\
  '{""force_sql_filters"":true}' >/dev/null{noformat}

result:

{noformat}2.902 s total{noformat}

This is approximately an 11.7x improvement and strongly indicates that, without force_sql_filters, unrelated certificate records are being extended before the filter is applied.

No certificate configuration was changed for this test.

Source of the per-certificate cost

certificate.cert_extend() calls certificate normalization, which loads private keys.

I benchmarked each certificate/CSR independently.

Typical results:

RSA-4096 certificate/CSR: ~2.04-2.06 s
RSA-2048 certificate:     ~0.28 s

All parsed successfully.

I isolated the expensive cryptography operation further using the same RSA-4096 private key:

load_pem_private_key(..., unsafe_skip_rsa_key_validation=False)
    ~2.0464 s

load_pem_private_key(..., unsafe_skip_rsa_key_validation=True)
    ~0.0003 s

I am NOT proposing unsafe_skip_rsa_key_validation=True as the fix. This test only demonstrates that almost all of the per-record cost comes from full RSA private-key validation during ordinary certificate query extension.

With 16 RSA-4096 records, this explains the ~34-second full-extension time.

Why nginx generation takes ~67 seconds

The nginx template retrieves the configured UI certificate.

The subsequent service-certificate validation path retrieves the same certificate again.

On this system, each lookup without SQL filter pushdown costs approximately 34 seconds.

Therefore the measured nginx-generation time is approximately:

~34 s first certificate lookup

* ~34 s validation lookup

----

~68 s

The actual measured full nginx generation was:

{noformat}1:07.07{noformat}

which closely matches that prediction.

Manual reproduction / recovery

Without changing the UI certificate or any certificate data, I ran:

{code:python}from truenas_api_client import Client

with Client(private_methods=True, call_timeout=180) as c:
    print(c.call(""etc.generate"", ""nginx"")){code}

Result:

{noformat}[{'path': '/etc/nginx/nginx.conf',
  'status': 'CHANGED',
  'changes': ['CONTENTS']}]{noformat}

Elapsed time:

{noformat}~67.07 s{noformat}

Then:

{noformat}nginx -t
systemctl restart nginx{noformat}

nginx -t succeeded and the normal HTTPS Web UI immediately became available.

No certificate was replaced.
No UI HTTPS setting was changed.
No database modification was required.

Reboot behavior

After generating /etc/nginx/nginx.conf, I recorded its checksum:

{noformat}2efb1cace50e2af26ad4e78aa13f7972153fb93e33021e5373182a026f835dd5{noformat}

I then rebooted normally.

The Web UI came back successfully.

This indicates that once nginx.conf exists in the current boot environment, ordinary reboot is not the problem.

The failure occurs when an OS upgrade creates a new boot environment whose /etc does not yet contain the generated nginx configuration.

Recurrence across upgrades

This same symptom has occurred after upgrades to:

26.0.0-BETA.1
26.0.0-BETA.2
26.0.0-BETA.3

Previously, resetting to defaults and then restoring the saved TrueNAS configuration also recovered the UI.

A plausible explanation is that the default configuration has a much smaller certificate inventory, allowing nginx configuration generation to complete before the full saved configuration is restored.

The BETA.3 reproduction above does not depend on that hypothesis: direct generation with an extended timeout conclusively restores the UI.

Root causes

# Primary-key certificate queries do not push the filter down before expensive extension

This is the most directly demonstrated problem.

Measured:

certificate.query(id=50), normal:
    ~33.9 s

certificate.query(id=50), force_sql_filters=true:
    2.902 s

A query for one certificate should not require extension and RSA validation of every unrelated certificate in the datastore.

# Ordinary certificate.query performs expensive private-key validation

Certificate normalization loads private keys even for ordinary read/query operations.

On this system, each RSA-4096 private key costs approximately 2.05 seconds to validate.

This makes certificate-list/query latency scale approximately linearly with the number of RSA-4096 private keys.

Full cryptographic private-key validation appears unnecessarily expensive for a read-only operation whose immediate purpose includes obtaining metadata such as key type and key size.

# nginx processes the selected certificate twice

nginx obtains the configured UI certificate and the service-validation path subsequently performs another lookup for the same certificate.

With the current query behavior, this approximately doubles rendering time from ~34 seconds to ~67 seconds.

# Failure of nginx generation can leave the appliance with no management UI

Because a new boot environment initially has no generated /etc/nginx/nginx.conf, failure or timeout during initial rendering leaves nginx unable to start at all.

Certificate processing performance should not be able to make the appliance's management interface completely unavailable.

Proposed minimal patch

The lowest-risk immediate fix is to push primary-key certificate filters into SQL before certificate extension.

This retains the existing private-key validation behavior for the selected certificate and does not bypass any cryptographic checks.

For the nginx UI-certificate lookup:

{noformat}- cert = middleware.call_sync(
-     'certificate.query',
-     [['id', '=', general_settings['ui_certificate']]],
- )
+ cert = middleware.call_sync(
+     'certificate.query',
+     [['id', '=', general_settings['ui_certificate']]],
+     {'force_sql_filters': True},
+ ){noformat}

Likewise, in certificate.cert_services_validation():

{noformat}- cert = await self.middleware.call(
-     'certificate.query',
-     [['id', '=', id_]],
- )
+ cert = await self.middleware.call(
+     'certificate.query',
+     [['id', '=', id_]],
+     {'force_sql_filters': True},
+ ){noformat}

This patch is supported by an actual before/after measurement on the affected system:

normal filtered certificate query:
    ~33.9 s

same query with force_sql_filters:
    2.902 s

Expected nginx certificate-processing cost on this system would therefore fall approximately from:

{noformat}~34 + ~34 = ~68 s{noformat}

to:

{noformat}~2.9 + ~2.9 = ~5.8 s{noformat}

without weakening certificate validation.

Recommended additional improvements

# Avoid the duplicate certificate lookup

The nginx renderer already has the expanded certificate object.

certificate.cert_services_validation() should ideally accept that object rather than querying the same certificate again.

Conceptually:

{noformat}async def cert_services_validation(
    self, id_, schema_name, raise_verrors=True, cert=None
):
    if cert is None:
        certs = await self.middleware.call(
            'certificate.query',
            [['id', '=', id_]],
            {'force_sql_filters': True},
        )
        cert = certs[0] if certs else None{noformat}

The nginx renderer could then pass the certificate it already retrieved.

That should reduce this path to one certificate expansion rather than two.

# Avoid full private-key validation during ordinary query/list operations

A broader architectural improvement would be to avoid fully validating every private key whenever certificates are listed.

For properties such as:

{noformat}key_type
key_length{noformat}

the information can generally be obtained from the certificate or CSR public key.

Full private-key validation and certificate/private-key matching would be more appropriate at:

{code:python}create
import
update
explicit certificate validation
service configuration changes{code}

rather than every ordinary certificate.query.

Caching or persisting derived key metadata would also avoid repeatedly performing the same expensive work.

I would not recommend merely switching ordinary queries to unsafe_skip_rsa_key_validation=True; avoiding unnecessary private-key loading entirely appears safer and cleaner.

# Add boot-time resilience

Even with the performance fixes, failure to process a configured TLS certificate should not leave TrueNAS without any Web UI.

Possible safeguards include:

* giving the interface-sync etc-generation call an explicit sufficiently long timeout;
* retaining the previous valid generated nginx configuration until a replacement is successfully rendered;
* generating a temporary HTTP-only management configuration if TLS configuration generation fails;
* raising an alert explaining the certificate problem rather than leaving nginx unable to start.

Increasing a timeout alone would mitigate this particular outage but would not fix the underlying certificate-query scalability problem.

Expected behavior

A query such as:

{noformat}certificate.query([[""id"",""="",50]]){noformat}

should extend only certificate ID 50.

Rendering nginx configuration should not repeatedly parse every unrelated private key.

If certificate rendering nevertheless fails, TrueNAS should retain a usable management interface rather than leaving /etc/nginx/nginx.conf absent.

Actual behavior

A primary-key-filtered certificate query extends enough records that it takes essentially as long as querying the complete certificate table:

ID-filtered: ~33.9 s
all records: ~34.1 s

Enabling SQL filter pushdown reduces the same filtered query to:

2.902 s

nginx consequently takes approximately 67 seconds to generate.

After an OS update/new boot environment, automatic generation does not successfully produce /etc/nginx/nginx.conf, nginx fails to start, and the Web UI is unavailable.

Current workaround

From SSH or local console:

{code:python}from truenas_api_client import Client

with Client(private_methods=True, call_timeout=180) as c:
    print(c.call(""etc.generate"", ""nginx"")){code}

followed by:

{noformat}nginx -t
systemctl restart nginx{noformat}

This restores the normal configured HTTPS Web UI and survives subsequent ordinary reboots.

The workaround currently has to be repeated after a new OS upgrade/boot environment.",26.0.0,26.0.0-RC.1,27.0.0-BETA.1,,Done,12/Sep/26 1:45 AM,16/Sep/26 3:11 PM,High,Complete,26.0.0-BETA.3,,,,COMMUNITY_USER,,,
Bug,NAS-143736,161800,Disk images exported from zvols cannot be moved from v25.10 to a v26-Beta-3,"I will add more info in JIRA

Session ID: db8ef8b3-9546-4492-9031-6aa0de937ad6",26.0.0-RC.1,27.0.0-BETA.1,,,Done,14/Sep/26 8:51 AM,16/Sep/26 6:55 AM,Medium,Complete,26.0.0-BETA.3,SCALE-25.10.7 (Goldeye),,,COMMUNITY_USER,,,
Bug,NAS-143753,161823,Editing a user changes the user's home directory to the parent,"Edit User form submits the parent of the home directory path, so saving an unrelated change relocates the user's home and re-permissions the parent directory



This is on a system migrated from TrueNAS Core. Reproduced in both Firefox and Safari, latest versions, on macOS. Not browser-specific.

h2. Steps to reproduce

# Credentials > Users > Add. Username {{test_home_user}}. Tick *Create Home Directory*, leave the path at the pre-filled {{/mnt/tank/home}}, Default Permissions 700. Save.
# Confirm the account was created correctly. {{user.query}} returns {{home = /mnt/tank/home/test_home_user}} and that directory exists, owned by the new user. This step works as documented.
# Credentials > Users > {{test_home_user}} > Edit. Observe the Home Directory field reads {{/mnt/tank/home}}, not {{/mnt/tank/home/test_home_user}}.
# Change one unrelated setting only. I ticked Shell Access. Do not touch the home directory field.
# Click Save.

h2. Expected

Step 3: the field shows the stored value, {{/mnt/tank/home/test_home_user}}.

Step 5: only the Shell Access change is applied. No warning, no home directory change.

h2. Actual

Step 3: the field shows {{/mnt/tank/home}}, the parent.

Step 5:

{noformat}Warning!
Operation will change permissions on path: '/mnt/tank/home'{noformat}

Screenshot attached, showing the Edit panel and the warning together.

{{getHomeCreateWarning()}} in {{src/app/pages/credentials/users/user-form/user-form.component.ts}} returns that string from exactly one branch:

typescript

{noformat}if (!homeCreate && editingUser.home !== home) {
  return this.translate.instant(
    'Operation will change permissions on path: {path}',
    { path: `'${String(home)}'` },
  );
}{noformat}

For it to fire and name {{/mnt/tank/home}}, three things must hold: {{home_create}} is false, {{editingUser.home}} is {{/mnt/tank/home/test_home_user}}, and the value the form is about to submit is {{/mnt/tank/home}}.

The form is submitting the parent. The home path field round-trips incorrectly: it is populated with the parent but {{user.update}} treats the submitted value as the literal home when {{home_create}} is false.

h2. Impact

Any save on any user relocates that user's home to the parent directory. {{user.update}} then calls {{user.do_home_copy}}, which runs {{copytree}} from the old home to the new one, so the user's entire home directory is copied into a location shared with every other user. {{setup_homedir}} also calls {{filesystem.setperm}} with {{stripacl: True}} against the new path, which on a shared parent locks every other user out of their own home.

This is a test account, but I just had to clean up from this happening on a real user account when I changed the account to “Full Admin”. It moved the user’s home directory to /mnt/tank/home and copied the contents and changed permissions on the home directory itself.",26.0.0,26.0.0-RC.1,27.0.0-BETA.1,N/A,Done,14/Sep/26 1:44 PM,16/Sep/26 11:14 AM,High,Complete,SCALE-25.10.7 (Goldeye),,,,COMMUNITY_USER,,,
Bug,NAS-143821,161906,Update popup not showing the correct version,"The popup that is shown when you hover over the icon is showing the wrong version

Session ID: 47648f2b-19ac-4b5f-9fa5-b312fa44edbd",26.0.0,26.0.0-RC.1,27.0.0-BETA.1,N/A,Done,16/Sep/26 1:13 AM,17/Sep/26 10:49 AM,Low,Complete,SCALE-25.10.7 (Goldeye),,,,COMMUNITY_USER,,,
Bug,NAS-143839,161934,Disk Image import - Not correctly handling source image size,"I try to import a disk image and the notice says the target Zvol must be 50GiB, so you set the `Size` to 50 GiB but this is not large enought.

Tp be clear, the image being imported is 50GiB and I have tried this with the same exported disk as a VDI and a QCOW2 whcih both have this issue.

If you then set the `Size` to 51GiB you can click next.",26.0.0,26.0.0-RC.1,27.0.0-BETA.1,N/A,Done,16/Sep/26 5:40 AM,23/Sep/26 11:57 AM,Low,Complete,26.0.0-BETA.3,,,,COMMUNITY_USER,doc_impact,tests_impact,
Bug,NAS-143855,161956,Truesearch slowness for 1M files,"I have a few shares, overall they hold nearly 1M files.

We're testing out the latest beta for the truesearch functionality.

Truesearch finished indexing, but searches take about 7 or 8 seconds, and the client (Finder) always timees out.

We already tried storing the index on SSD, and as a temporary test I also moved the index to a tmpfs in-memory filesystem.

Although that improved speed for the smaller share, the largest shares are still timing out.

I don't see any tunable knobs on truesearch that could help with this.

Here's the relevant part of the log for a specific search:

```
Sep 16 09:42:07 Mandioca truesearch[92819]: time=""2026-09-16 09:42:07"" level=info msg=""ES API new connection accepted"" component=es-api local_addr=/run/truesearch/truesearch-es.sock remote_addr=@ type=""*net.UnixConn""
Sep 16 09:42:07 Mandioca truesearch[92819]: time=""2026-09-16 09:42:07"" level=info msg=""ES API first data received"" bytes_read=680 component=es-api preview=""POST /_all/_search HTTP/1.1\r\nContent-Type: application/json\r\nAccept: application/json\r\nUser-Agent: Samba/mdssvc\r\nHost: Mandioca\r\nContent-Length: 528\r\n\r\n{\n    \""from\"": 0,\n    \""size\"": 50,\n    \""_source\"": [\""path.real\""],\n    \""query\"": {\n        \""bool\"": {\n            \""filter\"": [ {\n                \""prefix\"": {\n                    \""path.real\"": \""/mnt/bdata/ESPEJO/\""\n                }\n            } ],\n            \""must\"": [ {\n                \""query_string\"": {\n                    \""query\"": \""((L108\\\\-diablito_2°..."" remote_addr=@
Sep 16 09:42:07 Mandioca truesearch[92819]: time=""2026-09-16 09:42:07"" level=info msg=""ES API parsed search request"" component=es-api method=POST parsed_request=""{\n  \""from\"": 0,\n  \""size\"": 50,\n  \""_source\"": [\n    \""path.real\""\n  ],\n  \""query\"": {\n    \""bool\"": {\n      \""filter\"": [\n        {\n          \""prefix\"": {\n            \""path.real\"": \""/mnt/bdata/ESPEJO/\""\n          }\n        }\n      ],\n      \""must\"": [\n        {\n          \""query_string\"": {\n            \""fields\"": [\n              \""file.filename\"",\n              \""content\""\n            ],\n            \""query\"": \""((L108\\\\-diablito_2°* OR content:L108\\\\-diablito_2°*)) AND ((1'17* OR content:1'17*))\""\n          }\n        }\n      ]\n    }\n  }\n}"" path=/_all/_search
Sep 16 09:42:07 Mandioca truesearch[92819]: time=""2026-09-16 09:42:07"" level=info msg=""ES API size limits applied"" applied_size=50 component=es-api max_results=100 requested_size=50
Sep 16 09:42:15 Mandioca truesearch[92819]: time=""2026-09-16 09:42:15"" level=warning msg=""ES API search wait bound exceeded; returning timed_out response"" component=es-api query=""((L108\\-diablito_2°* OR content:L108\\-diablito_2°*)) AND ((1'17* OR content:1'17*))"" reason=timeout timeout=8s
Sep 16 09:42:15 Mandioca truesearch[92819]: time=""2026-09-16 09:42:15"" level=info msg=""Search activity"" authenticated=false client_ip=@ component=search-audit endpoint=/_all/_search event_type=elasticsearch_search_query method=POST processing_time=8007 query=""((L108\\-diablito_2°* OR content:L108\\-diablito_2°*)) AND ((1'17* OR content:1'17*))"" query_params= result_count=0 timestamp=1789562535 user_agent=Samba/mdssvc user_uid=-1 username=anonymous
Sep 16 09:42:15 Mandioca truesearch[92819]: time=""2026-09-16 09:42:15"" level=info msg=""ES API request completed"" component=es-api duration_ms=8007 method=POST path=/_all/_search status=200
Sep 16 09:42:24 Mandioca truesearch[92819]: time=""2026-09-16 09:42:24"" level=info msg=""SearchWithQuery complete: 1 total results in 17.238s (memory: 0, disk: 16 shards)"" component=memory-first-search
```

The system has 32GB ram total, and a lot of it is sitting unused, even after loading the ~4GB index to a ram-backed tmpfs.",26.0.0-RC.1,27.0.0-BETA.1,,,Done,16/Sep/26 10:08 AM,16/Sep/26 1:54 PM,Medium,Complete,26.0.0-BETA.3,,,,COMMUNITY_USER,,,
Bug,NAS-143878,161981,Edit SNMP Trap Alert Service form error,"Default TrueNAS installation, try to edit default SNMP Trap alert service. The form is valid, I check and uncheck “SNMPv3 Security Model”, and form stops being valid. ",26.0.0-RC.1,27.0.0-BETA.1,,,Done,16/Sep/26 3:04 PM,17/Sep/26 10:29 AM,Undefined,Complete,26.0.0-RC.1,,,,doc_impact,IX_EMPLOYEE,tests_impact,triage_skipped
Bug,NAS-143940,162047,Access Settings Session Timeout doesn't work,"I have set the timeout to 14400 sec with a banner message.

I expected the UI to be available for 4 hours.

The UI times out after a few minutes if I move to another tab. I thought it might be Edge tab groupings. But I moved the tab outside the tab group and it still timnes out if move to another tab for a somewhat brief time (nowhere near 4 hours).

25.10.7
Edge browser

Session ID: d761a6b0-9e73-46df-9db9-b3b86c776175",26.0.0,26.0.0-RC.1,27.0.0-BETA.1,N/A,Done,18/Sep/26 10:55 AM,22/Sep/26 1:08 PM,Medium,Complete,SCALE-25.10.7 (Goldeye),,,,COMMUNITY_USER,doc_impact,tests_impact,
